session_id,game_id,game_seed,board_rows,board_cols,mine_count,step,timestamp,elapsed_sec,delta_sec,action,source,row,col,first_move,revealed_before,revealed_after,flags_before,flags_after,remaining_mines_before,remaining_mines_after,adjacent_revealed_before,hidden_neighbors_before,frontier_score_before,distance_from_last_action,visible_board_before,visible_board_after,outcome,game_status
20261005_202111,1,1563865846,16,16,40,1,2026-10-05T20:21:21.183,0,,reveal,direct,7,7,1,0,0,0,0,40,40,0,8,0.0,0.0,################/################/################/################/################/################/################/################/################/################/################/################/################/################/################/################,################/################/################/################/################/################/################/################/################/################/################/################/################/################/################/################,,playing
20261005_202111,1,1563865846,16,16,40,2,2026-10-05T20:21:48.658,27,27.4745,reveal,direct,2,4,0,116,116,0,0,40,40,2,6,0.25,5.831,#########1000000/#########2110011/#####2122##1001#/#####1002#31001#/#####2002#20001#/#####1001110112#/#####20000002###/#####10000002###/#####10000001121/#####10000000000/#####10000001221/#####21000012###/######221101####/#########223####/################/################,#########1000000/#########2110011/#####2122##1001#/#####1002#31001#/#####2002#20001#/#####1001110112#/#####20000002###/#####10000002###/#####10000001121/#####10000000000/#####10000001221/#####21000012###/######221101####/#########223####/################/################,,playing
20261005_202111,1,1563865846,16,16,40,3,2026-10-05T20:22:50.226,88,61.568,reveal,direct,13,13,0,117,117,0,0,40,40,0,8,0.0,14.2127,#########1000000/#########2110011/####22122##1001#/#####1002#31001#/#####2002#20001#/#####1001110112#/#####20000002###/#####10000002###/#####10000001121/#####10000000000/#####10000001221/#####21000012###/######221101####/#########223####/################/################,#########1000000/#########2110011/####22122##1001#/#####1002#31001#/#####2002#20001#/#####1001110112#/#####20000002###/#####10000002###/#####10000001121/#####10000000000/#####10000001221/#####21000012###/######221101####/#########223####/################/################,,playing
20261005_202111,1,1563865846,16,16,40,4,2026-10-05T20:24:23.536,182,93.31,reveal,direct,2,9,0,118,118,0,0,40,40,5,3,0.625,11.7047,#########1000000/#########2110011/####22122##1001#/#####1002#31001#/#####2002#20001#/#####1001110112#/#####20000002###/#####10000002###/#####10000001121/#####10000000000/#####10000001221/#####21000012###/######221101####/#########223#2##/################/################,#########1000000/#########2110011/####22122##1001#/#####1002#31001#/#####2002#20001#/#####1001110112#/#####20000002###/#####10000002###/#####10000001121/#####10000000000/#####10000001221/#####21000012###/######221101####/#########223#2##/################/################,,playing
20261005_202111,1,1563865846,16,16,40,5,2026-10-05T20:24:55.106,213,31.5705,flag,direct,2,10,0,119,119,0,1,40,39,7,1,0.875,1.0,#########1000000/#########2110011/####221223#1001#/#####1002#31001#/#####2002#20001#/#####1001110112#/#####20000002###/#####10000002###/#####10000001121/#####10000000000/#####10000001221/#####21000012###/######221101####/#########223#2##/################/################,#########1000000/#########2110011/####221223F1001#/#####1002#31001#/#####2002#20001#/#####1001110112#/#####20000002###/#####10000002###/#####10000001121/#####10000000000/#####10000001221/#####21000012###/######221101####/#########223#2##/################/################,,playing
20261005_202111,1,1563865846,16,16,40,6,2026-10-05T20:24:55.963,214,0.8564,flag,direct,3,9,0,119,119,1,2,39,38,6,1,0.75,1.4142,#########1000000/#########2110011/####221223F1001#/#####1002#31001#/#####2002#20001#/#####1001110112#/#####20000002###/#####10000002###/#####10000001121/#####10000000000/#####10000001221/#####21000012###/######221101####/#########223#2##/################/################,#########1000000/#########2110011/####221223F1001#/#####1002F31001#/#####2002#20001#/#####1001110112#/#####20000002###/#####10000002###/#####10000001121/#####10000000000/#####10000001221/#####21000012###/######221101####/#########223#2##/################/################,,playing
20261005_202111,1,1563865846,16,16,40,7,2026-10-05T20:24:57.233,215,1.27,flag,direct,4,9,0,119,119,2,3,38,37,7,0,0.875,1.0,#########1000000/#########2110011/####221223F1001#/#####1002F31001#/#####2002#20001#/#####1001110112#/#####20000002###/#####10000002###/#####10000001121/#####10000000000/#####10000001221/#####21000012###/######221101####/#########223#2##/################/################,#########1000000/#########2110011/####221223F1001#/#####1002F31001#/#####2002F20001#/#####1001110112#/#####20000002###/#####10000002###/#####10000001121/#####10000000000/#####10000001221/#####21000012###/######221101####/#########223#2##/################/################,,playing
20261005_202111,1,1563865846,16,16,40,8,2026-10-05T20:25:07.374,225,10.1403,flag,direct,12,12,0,119,119,3,4,37,36,5,3,0.625,8.544,#########1000000/#########2110011/####221223F1001#/#####1002F31001#/#####2002F20001#/#####1001110112#/#####20000002###/#####10000002###/#####10000001121/#####10000000000/#####10000001221/#####21000012###/######221101####/#########223#2##/################/################,#########1000000/#########2110011/####221223F1001#/#####1002F31001#/#####2002F20001#/#####1001110112#/#####20000002###/#####10000002###/#####10000001121/#####10000000000/#####10000001221/#####21000012###/######221101F###/#########223#2##/################/################,,playing
20261005_202111,1,1563865846,16,16,40,9,2026-10-05T20:25:10.082,228,2.7091,reveal,direct,13,12,0,119,119,4,4,36,36,3,4,0.375,1.0,#########1000000/#########2110011/####221223F1001#/#####1002F31001#/#####2002F20001#/#####1001110112#/#####20000002###/#####10000002###/#####10000001121/#####10000000000/#####10000001221/#####21000012###/######221101F###/#########223#2##/################/################,#########1000000/#########2110011/####221223F1001#/#####1002F31001#/#####2002F20001#/#####1001110112#/#####20000002###/#####10000002###/#####10000001121/#####10000000000/#####10000001221/#####21000012###/######221101F###/#########223#2##/################/################,,playing
20261005_202111,1,1563865846,16,16,40,10,2026-10-05T20:25:40.840,259,30.7578,flag,direct,3,4,0,120,120,4,5,36,35,4,4,0.5,12.8062,#########1000000/#########2110011/####221223F1001#/#####1002F31001#/#####2002F20001#/#####1001110112#/#####20000002###/#####10000002###/#####10000001121/#####10000000000/#####10000001221/#####21000012###/######221101F###/#########22322##/################/################,#########1000000/#########2110011/####221223F1001#/####F1002F31001#/#####2002F20001#/#####1001110112#/#####20000002###/#####10000002###/#####10000001121/#####10000000000/#####10000001221/#####21000012###/######221101F###/#########22322##/################/################,,playing
20261005_202111,1,1563865846,16,16,40,11,2026-10-05T20:25:50.812,269,9.9725,flag,direct,5,4,0,120,120,5,6,35,34,3,5,0.375,2.0,#########1000000/#########2110011/####221223F1001#/####F1002F31001#/#####2002F20001#/#####1001110112#/#####20000002###/#####10000002###/#####10000001121/#####10000000000/#####10000001221/#####21000012###/######221101F###/#########22322##/################/################,#########1000000/#########2110011/####221223F1001#/####F1002F31001#/#####2002F20001#/####F1001110112#/#####20000002###/#####10000002###/#####10000001121/#####10000000000/#####10000001221/#####21000012###/######221101F###/#########22322##/################/################,,playing
20261005_202111,1,1563865846,16,16,40,12,2026-10-05T20:25:56.036,274,5.2221,reveal,direct,4,4,0,120,120,6,6,34,34,3,3,0.375,1.0,#########1000000/#########2110011/####221223F1001#/####F1002F31001#/#####2002F20001#/####F1001110112#/#####20000002###/#####10000002###/#####10000001121/#####10000000000/#####10000001221/#####21000012###/######221101F###/#########22322##/################/################,#########1000000/#########2110011/####221223F1001#/####F1002F31001#/#####2002F20001#/####F1001110112#/#####20000002###/#####10000002###/#####10000001121/#####10000000000/#####10000001221/#####21000012###/######221101F###/#########22322##/################/################,,playing
20261005_202111,1,1563865846,16,16,40,13,2026-10-05T20:26:11.141,289,15.1062,reveal,direct,4,3,0,121,121,6,6,34,34,1,5,0.125,1.0,#########1000000/#########2110011/####221223F1001#/####F1002F31001#/####22002F20001#/####F1001110112#/#####20000002###/#####10000002###/#####10000001121/#####10000000000/#####10000001221/#####21000012###/######221101F###/#########22322##/################/################,#########1000000/#########2110011/####221223F1001#/####F1002F31001#/####22002F20001#/####F1001110112#/#####20000002###/#####10000002###/#####10000001121/#####10000000000/#####10000001221/#####21000012###/######221101F###/#########22322##/################/################,,playing
20261005_202111,1,1563865846,16,16,40,14,2026-10-05T20:26:17.419,296,6.278,reveal,direct,3,3,0,122,122,6,6,34,34,3,4,0.375,1.0,#########1000000/#########2110011/####221223F1001#/####F1002F31001#/###322002F20001#/####F1001110112#/#####20000002###/#####10000002###/#####10000001121/#####10000000000/#####10000001221/#####21000012###/######221101F###/#########22322##/################/################,#########1000000/#########2110011/####221223F1001#/####F1002F31001#/###322002F20001#/####F1001110112#/#####20000002###/#####10000002###/#####10000001121/#####10000000000/#####10000001221/#####21000012###/######221101F###/#########22322##/################/################,,playing
20261005_202111,1,1563865846,16,16,40,15,2026-10-05T20:26:18.659,297,1.2403,reveal,direct,5,3,0,123,123,6,6,34,34,2,5,0.25,2.0,#########1000000/#########2110011/####221223F1001#/###2F1002F31001#/###322002F20001#/####F1001110112#/#####20000002###/#####10000002###/#####10000001121/#####10000000000/#####10000001221/#####21000012###/######221101F###/#########22322##/################/################,#########1000000/#########2110011/####221223F1001#/###2F1002F31001#/###322002F20001#/####F1001110112#/#####20000002###/#####10000002###/#####10000001121/#####10000000000/#####10000001221/#####21000012###/######221101F###/#########22322##/################/################,,playing
20261005_202111,1,1563865846,16,16,40,16,2026-10-05T20:26:39.356,317,20.6973,flag,direct,4,2,0,124,124,6,7,34,33,3,5,0.375,1.4142,#########1000000/#########2110011/####221223F1001#/###2F1002F31001#/###322002F20001#/###2F1001110112#/#####20000002###/#####10000002###/#####10000001121/#####10000000000/#####10000001221/#####21000012###/######221101F###/#########22322##/################/################,#########1000000/#########2110011/####221223F1001#/###2F1002F31001#/##F322002F20001#/###2F1001110112#/#####20000002###/#####10000002###/#####10000001121/#####10000000000/#####10000001221/#####21000012###/######221101F###/#########22322##/################/################,,playing
20261005_202111,1,1563865846,16,16,40,17,2026-10-05T20:26:49.128,327,9.7709,reveal,direct,3,2,0,124,124,7,7,33,33,2,5,0.25,1.0,#########1000000/#########2110011/####221223F1001#/###2F1002F31001#/##F322002F20001#/###2F1001110112#/#####20000002###/#####10000002###/#####10000001121/#####10000000000/#####10000001221/#####21000012###/######221101F###/#########22322##/################/################,#########1000000/#########2110011/####221223F1001#/###2F1002F31001#/##F322002F20001#/###2F1001110112#/#####20000002###/#####10000002###/#####10000001121/#####10000000000/#####10000001221/#####21000012###/######221101F###/#########22322##/################/################,,playing
20261005_202111,1,1563865846,16,16,40,18,2026-10-05T20:26:50.081,328,0.9541,reveal,direct,5,2,0,125,125,7,7,33,33,2,5,0.25,2.0,#########1000000/#########2110011/####221223F1001#/##32F1002F31001#/##F322002F20001#/###2F1001110112#/#####20000002###/#####10000002###/#####10000001121/#####10000000000/#####10000001221/#####21000012###/######221101F###/#########22322##/################/################,#########1000000/#########2110011/####221223F1001#/##32F1002F31001#/##F322002F20001#/###2F1001110112#/#####20000002###/#####10000002###/#####10000001121/#####10000000000/#####10000001221/#####21000012###/######221101F###/#########22322##/################/################,,playing
20261005_202111,1,1563865846,16,16,40,19,2026-10-05T20:27:21.886,360,31.8046,flag,direct,1,8,0,126,126,7,8,33,32,5,3,0.625,7.2111,#########1000000/#########2110011/####221223F1001#/##32F1002F31001#/##F322002F20001#/##22F1001110112#/#####20000002###/#####10000002###/#####10000001121/#####10000000000/#####10000001221/#####21000012###/######221101F###/#########22322##/################/################,#########1000000/########F2110011/####221223F1001#/##32F1002F31001#/##F322002F20001#/##22F1001110112#/#####20000002###/#####10000002###/#####10000001121/#####10000000000/#####10000001221/#####21000012###/######221101F###/#########22322##/################/################,,playing
20261005_202111,1,1563865846,16,16,40,20,2026-10-05T20:27:22.796,361,0.9097,reveal,direct,0,8,0,126,126,8,8,32,32,2,2,0.4,1.0,#########1000000/########F2110011/####221223F1001#/##32F1002F31001#/##F322002F20001#/##22F1001110112#/#####20000002###/#####10000002###/#####10000001121/#####10000000000/#####10000001221/#####21000012###/######221101F###/#########22322##/################/################,#########1000000/########F2110011/####221223F1001#/##32F1002F31001#/##F322002F20001#/##22F1001110112#/#####20000002###/#####10000002###/#####10000001121/#####10000000000/#####10000001221/#####21000012###/######221101F###/#########22322##/################/################,,playing
20261005_202111,1,1563865846,16,16,40,21,2026-10-05T20:27:39.123,377,16.3271,flag,direct,2,15,0,127,127,8,9,32,31,4,1,0.8,7.2801,########11000000/########F2110011/####221223F1001#/##32F1002F31001#/##F322002F20001#/##22F1001110112#/#####20000002###/#####10000002###/#####10000001121/#####10000000000/#####10000001221/#####21000012###/######221101F###/#########22322##/################/################,########11000000/########F2110011/####221223F1001F/##32F1002F31001#/##F322002F20001#/##22F1001110112#/#####20000002###/#####10000002###/#####10000001121/#####10000000000/#####10000001221/#####21000012###/######221101F###/#########22322##/################/################,,playing
20261005_202111,1,1563865846,16,16,40,22,2026-10-05T20:27:58.280,397,19.157,reveal,direct,3,15,0,127,127,9,9,31,31,3,1,0.6,1.0,########11000000/########F2110011/####221223F1001F/##32F1002F31001#/##F322002F20001#/##22F1001110112#/#####20000002###/#####10000002###/#####10000001121/#####10000000000/#####10000001221/#####21000012###/######221101F###/#########22322##/################/################,########11000000/########F2110011/####221223F1001F/##32F1002F31001#/##F322002F20001#/##22F1001110112#/#####20000002###/#####10000002###/#####10000001121/#####10000000000/#####10000001221/#####21000012###/######221101F###/#########22322##/################/################,,playing
20261005_202111,1,1563865846,16,16,40,23,2026-10-05T20:28:31.942,430,33.6627,reveal,direct,4,15,0,128,128,9,9,31,31,4,1,0.8,1.0,########11000000/########F2110011/####221223F1001F/##32F1002F310011/##F322002F20001#/##22F1001110112#/#####20000002###/#####10000002###/#####10000001121/#####10000000000/#####10000001221/#####21000012###/######221101F###/#########22322##/################/################,########11000000/########F2110011/####221223F1001F/##32F1002F310011/##F322002F20001#/##22F1001110112#/#####20000002###/#####10000002###/#####10000001121/#####10000000000/#####10000001221/#####21000012###/######221101F###/#########22322##/################/################,,playing
20261005_202111,1,1563865846,16,16,40,24,2026-10-05T20:28:33.965,432,2.0224,flag,direct,5,15,0,129,129,9,10,31,30,3,2,0.6,1.0,########11000000/########F2110011/####221223F1001F/##32F1002F310011/##F322002F200011/##22F1001110112#/#####20000002###/#####10000002###/#####10000001121/#####10000000000/#####10000001221/#####21000012###/######221101F###/#########22322##/################/################,########11000000/########F2110011/####221223F1001F/##32F1002F310011/##F322002F200011/##22F1001110112F/#####20000002###/#####10000002###/#####10000001121/#####10000000000/#####10000001221/#####21000012###/######221101F###/#########22322##/################/################,,playing
20261005_202111,1,1563865846,16,16,40,25,2026-10-05T20:29:45.118,503,71.1532,flag,direct,6,13,0,129,129,10,11,30,29,5,3,0.625,2.2361,########11000000/########F2110011/####221223F1001F/##32F1002F310011/##F322002F200011/##22F1001110112F/#####20000002###/#####10000002###/#####10000001121/#####10000000000/#####10000001221/#####21000012###/######221101F###/#########22322##/################/################,########11000000/########F2110011/####221223F1001F/##32F1002F310011/##F322002F200011/##22F1001110112F/#####20000002F##/#####10000002###/#####10000001121/#####10000000000/#####10000001221/#####21000012###/######221101F###/#########22322##/################/################,,playing
20261005_202111,1,1563865846,16,16,40,26,2026-10-05T20:29:46.127,504,1.0094,reveal,direct,6,14,0,129,129,11,11,29,29,2,4,0.25,1.0,########11000000/########F2110011/####221223F1001F/##32F1002F310011/##F322002F200011/##22F1001110112F/#####20000002F##/#####10000002###/#####10000001121/#####10000000000/#####10000001221/#####21000012###/######221101F###/#########22322##/################/################,########11000000/########F2110011/####221223F1001F/##32F1002F310011/##F322002F200011/##22F1001110112F/#####20000002F##/#####10000002###/#####10000001121/#####10000000000/#####10000001221/#####21000012###/######221101F###/#########22322##/################/################,,playing
20261005_202111,1,1563865846,16,16,40,27,2026-10-05T20:30:00.338,519,14.2109,flag,direct,7,13,0,130,130,11,12,29,28,6,1,0.75,1.4142,########11000000/########F2110011/####221223F1001F/##32F1002F310011/##F322002F200011/##22F1001110112F/#####20000002F4#/#####10000002###/#####10000001121/#####10000000000/#####10000001221/#####21000012###/######221101F###/#########22322##/################/################,########11000000/########F2110011/####221223F1001F/##32F1002F310011/##F322002F200011/##22F1001110112F/#####20000002F4#/#####10000002F##/#####10000001121/#####10000000000/#####10000001221/#####21000012###/######221101F###/#########22322##/################/################,,playing
20261005_202111,1,1563865846,16,16,40,28,2026-10-05T20:30:06.180,524,5.8414,flag,direct,7,15,0,130,130,12,13,28,27,3,2,0.6,2.0,########11000000/########F2110011/####221223F1001F/##32F1002F310011/##F322002F200011/##22F1001110112F/#####20000002F4#/#####10000002F##/#####10000001121/#####10000000000/#####10000001221/#####21000012###/######221101F###/#########22322##/################/################,########11000000/########F2110011/####221223F1001F/##32F1002F310011/##F322002F200011/##22F1001110112F/#####20000002F4#/#####10000002F#F/#####10000001121/#####10000000000/#####10000001221/#####21000012###/######221101F###/#########22322##/################/################,,playing
20261005_202111,1,1563865846,16,16,40,29,2026-10-05T20:30:07.174,525,0.9949,reveal,direct,7,14,0,130,130,13,13,27,27,4,1,0.5,1.0,########11000000/########F2110011/####221223F1001F/##32F1002F310011/##F322002F200011/##22F1001110112F/#####20000002F4#/#####10000002F#F/#####10000001121/#####10000000000/#####10000001221/#####21000012###/######221101F###/#########22322##/################/################,########11000000/########F2110011/####221223F1001F/##32F1002F310011/##F322002F200011/##22F1001110112F/#####20000002F4#/#####10000002F#F/#####10000001121/#####10000000000/#####10000001221/#####21000012###/######221101F###/#########22322##/################/################,,playing
20261005_202111,1,1563865846,16,16,40,30,2026-10-05T20:30:09.858,528,2.684,reveal,direct,6,15,0,131,131,13,13,27,27,3,0,0.6,1.4142,########11000000/########F2110011/####221223F1001F/##32F1002F310011/##F322002F200011/##22F1001110112F/#####20000002F4#/#####10000002F3F/#####10000001121/#####10000000000/#####10000001221/#####21000012###/######221101F###/#########22322##/################/################,########11000000/########F2110011/####221223F1001F/##32F1002F310011/##F322002F200011/##22F1001110112F/#####20000002F4#/#####10000002F3F/#####10000001121/#####10000000000/#####10000001221/#####21000012###/######221101F###/#########22322##/################/################,,playing
20261005_202111,1,1563865846,16,16,40,31,2026-10-05T20:30:45.330,563,35.4718,flag,direct,11,13,0,132,132,13,14,27,26,4,3,0.5,5.3852,########11000000/########F2110011/####221223F1001F/##32F1002F310011/##F322002F200011/##22F1001110112F/#####20000002F42/#####10000002F3F/#####10000001121/#####10000000000/#####10000001221/#####21000012###/######221101F###/#########22322##/################/################,########11000000/########F2110011/####221223F1001F/##32F1002F310011/##F322002F200011/##22F1001110112F/#####20000002F42/#####10000002F3F/#####10000001121/#####10000000000/#####10000001221/#####21000012F##/######221101F###/#########22322##/################/################,,playing
20261005_202111,1,1563865846,16,16,40,32,2026-10-05T20:30:49.534,568,4.2041,reveal,direct,12,13,0,132,132,14,14,26,26,3,3,0.375,1.0,########11000000/########F2110011/####221223F1001F/##32F1002F310011/##F322002F200011/##22F1001110112F/#####20000002F42/#####10000002F3F/#####10000001121/#####10000000000/#####10000001221/#####21000012F##/######221101F###/#########22322##/################/################,########11000000/########F2110011/####221223F1001F/##32F1002F310011/##F322002F200011/##22F1001110112F/#####20000002F42/#####10000002F3F/#####10000001121/#####10000000000/#####10000001221/#####21000012F##/######221101F###/#########22322##/################/################,,playing
20261005_202111,1,1563865846,16,16,40,33,2026-10-05T20:31:15.411,594,25.877,flag,direct,11,14,0,133,133,14,15,26,25,4,3,0.5,1.4142,########11000000/########F2110011/####221223F1001F/##32F1002F310011/##F322002F200011/##22F1001110112F/#####20000002F42/#####10000002F3F/#####10000001121/#####10000000000/#####10000001221/#####21000012F##/######221101F3##/#########22322##/################/################,########11000000/########F2110011/####221223F1001F/##32F1002F310011/##F322002F200011/##22F1001110112F/#####20000002F42/#####10000002F3F/#####10000001121/#####10000000000/#####10000001221/#####21000012FF#/######221101F3##/#########22322##/################/################,,playing
20261005_202111,1,1563865846,16,16,40,34,2026-10-05T20:31:17.569,596,2.1579,reveal,direct,11,15,0,133,133,15,15,25,25,2,2,0.4,1.0,########11000000/########F2110011/####221223F1001F/##32F1002F310011/##F322002F200011/##22F1001110112F/#####20000002F42/#####10000002F3F/#####10000001121/#####10000000000/#####10000001221/#####21000012FF#/######221101F3##/#########22322##/################/################,########11000000/########F2110011/####221223F1001F/##32F1002F310011/##F322002F200011/##22F1001110112F/#####20000002F42/#####10000002F3F/#####10000001121/#####10000000000/#####10000001221/#####21000012FF#/######221101F3##/#########22322##/################/################,,playing
20261005_202111,1,1563865846,16,16,40,35,2026-10-05T20:31:18.718,597,1.1491,reveal,direct,12,14,0,134,134,15,15,25,25,3,3,0.375,1.4142,########11000000/########F2110011/####221223F1001F/##32F1002F310011/##F322002F200011/##22F1001110112F/#####20000002F42/#####10000002F3F/#####10000001121/#####10000000000/#####10000001221/#####21000012FF1/######221101F3##/#########22322##/################/################,########11000000/########F2110011/####221223F1001F/##32F1002F310011/##F322002F200011/##22F1001110112F/#####20000002F42/#####10000002F3F/#####10000001121/#####10000000000/#####10000001221/#####21000012FF1/######221101F3##/#########22322##/################/################,,playing
20261005_202111,1,1563865846,16,16,40,36,2026-10-05T20:31:23.633,602,4.9147,reveal,direct,12,15,0,135,135,15,15,25,25,2,2,0.4,1.0,########11000000/########F2110011/####221223F1001F/##32F1002F310011/##F322002F200011/##22F1001110112F/#####20000002F42/#####10000002F3F/#####10000001121/#####10000000000/#####10000001221/#####21000012FF1/######221101F32#/#########22322##/################/################,########11000000/########F2110011/####221223F1001F/##32F1002F310011/##F322002F200011/##22F1001110112F/#####20000002F42/#####10000002F3F/#####10000001121/#####10000000000/#####10000001221/#####21000012FF1/######221101F32#/#########22322##/################/################,,playing
20261005_202111,1,1563865846,16,16,40,37,2026-10-05T20:31:33.429,612,9.7954,reveal,direct,13,14,0,136,136,15,15,25,25,4,4,0.5,1.4142,########11000000/########F2110011/####221223F1001F/##32F1002F310011/##F322002F200011/##22F1001110112F/#####20000002F42/#####10000002F3F/#####10000001121/#####10000000000/#####10000001221/#####21000012FF1/######221101F321/#########22322##/################/################,########11000000/########F2110011/####221223F1001F/##32F1002F310011/##F322002F200011/##22F1001110112F/#####20000002F42/#####10000002F3F/#####10000001121/#####10000000000/#####10000001221/#####21000012FF1/######221101F321/#########22322##/################/################,,playing
20261005_202111,1,1563865846,16,16,40,38,2026-10-05T20:31:49.798,628,16.3695,reveal,direct,13,15,0,137,137,15,15,25,25,3,2,0.6,1.0,########11000000/########F2110011/####221223F1001F/##32F1002F310011/##F322002F200011/##22F1001110112F/#####20000002F42/#####10000002F3F/#####10000001121/#####10000000000/#####10000001221/#####21000012FF1/######221101F321/#########223221#/################/################,########11000000/########F2110011/####221223F1001F/##32F1002F310011/##F322002F200011/##22F1001110112F/#####20000002F42/#####10000002F3F/#####10000001121/#####10000000000/#####10000001221/#####21000012FF1/######221101F321/#########223221#/################/################,,playing
20261005_202111,1,1563865846,16,16,40,39,2026-10-05T20:32:06.878,645,17.0795,flag,direct,14,14,0,138,138,15,16,25,24,3,5,0.375,1.4142,########11000000/########F2110011/####221223F1001F/##32F1002F310011/##F322002F200011/##22F1001110112F/#####20000002F42/#####10000002F3F/#####10000001121/#####10000000000/#####10000001221/#####21000012FF1/######221101F321/#########2232211/################/################,########11000000/########F2110011/####221223F1001F/##32F1002F310011/##F322002F200011/##22F1001110112F/#####20000002F42/#####10000002F3F/#####10000001121/#####10000000000/#####10000001221/#####21000012FF1/######221101F321/#########2232211/##############F#/################,,playing
20261005_202111,1,1563865846,16,16,40,40,2026-10-05T20:32:11.219,649,4.3402,reveal,direct,14,12,0,138,138,16,16,24,24,3,5,0.375,2.0,########11000000/########F2110011/####221223F1001F/##32F1002F310011/##F322002F200011/##22F1001110112F/#####20000002F42/#####10000002F3F/#####10000001121/#####10000000000/#####10000001221/#####21000012FF1/######221101F321/#########2232211/##############F#/################,########11000000/########F2110011/####221223F1001F/##32F1002F310011/##F322002F200011/##22F1001110112F/#####20000002F42/#####10000002F3F/#####10000001121/#####10000000000/#####10000001221/#####21000012FF1/######221101F321/#########2232211/##############F#/################,,playing
20261005_202111,1,1563865846,16,16,40,41,2026-10-05T20:32:27.674,666,16.4559,reveal,direct,14,13,0,139,139,16,16,24,24,4,3,0.5,1.0,########11000000/########F2110011/####221223F1001F/##32F1002F310011/##F322002F200011/##22F1001110112F/#####20000002F42/#####10000002F3F/#####10000001121/#####10000000000/#####10000001221/#####21000012FF1/######221101F321/#########2232211/############2#F#/################,########11000000/########F2110011/####221223F1001F/##32F1002F310011/##F322002F200011/##22F1001110112F/#####20000002F42/#####10000002F3F/#####10000001121/#####10000000000/#####10000001221/#####21000012FF1/######221101F321/#########2232211/############2#F#/################,,playing
20261005_202111,1,1563865846,16,16,40,42,2026-10-05T20:32:36.041,674,8.3676,reveal,direct,14,15,0,140,140,16,16,24,24,2,2,0.4,2.0,########11000000/########F2110011/####221223F1001F/##32F1002F310011/##F322002F200011/##22F1001110112F/#####20000002F42/#####10000002F3F/#####10000001121/#####10000000000/#####10000001221/#####21000012FF1/######221101F321/#########2232211/############23F#/################,########11000000/########F2110011/####221223F1001F/##32F1002F310011/##F322002F200011/##22F1001110112F/#####20000002F42/#####10000002F3F/#####10000001121/#####10000000000/#####10000001221/#####21000012FF1/######221101F321/#########2232211/############23F#/################,,playing
20261005_202111,1,1563865846,16,16,40,43,2026-10-05T20:32:44.545,683,8.5039,flag,direct,15,14,0,141,141,16,17,24,23,2,2,0.4,1.4142,########11000000/########F2110011/####221223F1001F/##32F1002F310011/##F322002F200011/##22F1001110112F/#####20000002F42/#####10000002F3F/#####10000001121/#####10000000000/#####10000001221/#####21000012FF1/######221101F321/#########2232211/############23F2/################,########11000000/########F2110011/####221223F1001F/##32F1002F310011/##F322002F200011/##22F1001110112F/#####20000002F42/#####10000002F3F/#####10000001121/#####10000000000/#####10000001221/#####21000012FF1/######221101F321/#########2232211/############23F2/##############F#,,playing
20261005_202111,1,1563865846,16,16,40,44,2026-10-05T20:32:45.928,684,1.3827,reveal,direct,15,15,0,141,141,17,17,23,23,1,0,0.3333,1.0,########11000000/########F2110011/####221223F1001F/##32F1002F310011/##F322002F200011/##22F1001110112F/#####20000002F42/#####10000002F3F/#####10000001121/#####10000000000/#####10000001221/#####21000012FF1/######221101F321/#########2232211/############23F2/##############F#,########11000000/########F2110011/####221223F1001F/##32F1002F310011/##F322002F200011/##22F1001110112F/#####20000002F42/#####10000002F3F/#####10000001121/#####10000000000/#####10000001221/#####21000012FF1/######221101F321/#########2232211/############23F2/##############F#,,playing
20261005_202111,1,1563865846,16,16,40,45,2026-10-05T20:33:25.281,723,39.353,flag,direct,14,11,0,142,142,17,18,23,22,4,4,0.5,4.1231,########11000000/########F2110011/####221223F1001F/##32F1002F310011/##F322002F200011/##22F1001110112F/#####20000002F42/#####10000002F3F/#####10000001121/#####10000000000/#####10000001221/#####21000012FF1/######221101F321/#########2232211/############23F2/##############F2,########11000000/########F2110011/####221223F1001F/##32F1002F310011/##F322002F200011/##22F1001110112F/#####20000002F42/#####10000002F3F/#####10000001121/#####10000000000/#####10000001221/#####21000012FF1/######221101F321/#########2232211/###########F23F2/##############F2,,playing
20261005_202111,1,1563865846,16,16,40,46,2026-10-05T20:34:04.206,762,38.9249,flag,direct,14,10,0,142,142,18,19,22,21,3,4,0.375,1.0,########11000000/########F2110011/####221223F1001F/##32F1002F310011/##F322002F200011/##22F1001110112F/#####20000002F42/#####10000002F3F/#####10000001121/#####10000000000/#####10000001221/#####21000012FF1/######221101F321/#########2232211/###########F23F2/##############F2,########11000000/########F2110011/####221223F1001F/##32F1002F310011/##F322002F200011/##22F1001110112F/#####20000002F42/#####10000002F3F/#####10000001121/#####10000000000/#####10000001221/#####21000012FF1/######221101F321/#########2232211/##########FF23F2/##############F2,,playing
20261005_202111,1,1563865846,16,16,40,47,2026-10-05T20:34:14.480,773,10.2732,reveal,direct,14,9,0,142,142,19,19,21,21,2,5,0.25,1.0,########11000000/########F2110011/####221223F1001F/##32F1002F310011/##F322002F200011/##22F1001110112F/#####20000002F42/#####10000002F3F/#####10000001121/#####10000000000/#####10000001221/#####21000012FF1/######221101F321/#########2232211/##########FF23F2/##############F2,########11000000/########F2110011/####221223F1001F/##32F1002F310011/##F322002F200011/##22F1001110112F/#####20000002F42/#####10000002F3F/#####10000001121/#####10000000000/#####10000001221/#####21000012FF1/######221101F321/#########2232211/##########FF23F2/##############F2,,playing
20261005_202111,1,1563865846,16,16,40,48,2026-10-05T20:34:17.379,776,2.8999,flag,direct,13,8,0,143,143,19,20,21,20,5,3,0.625,1.4142,########11000000/########F2110011/####221223F1001F/##32F1002F310011/##F322002F200011/##22F1001110112F/#####20000002F42/#####10000002F3F/#####10000001121/#####10000000000/#####10000001221/#####21000012FF1/######221101F321/#########2232211/#########2FF23F2/##############F2,########11000000/########F2110011/####221223F1001F/##32F1002F310011/##F322002F200011/##22F1001110112F/#####20000002F42/#####10000002F3F/#####10000001121/#####10000000000/#####10000001221/#####21000012FF1/######221101F321/########F2232211/#########2FF23F2/##############F2,,playing
20261005_202111,1,1563865846,16,16,40,49,2026-10-05T20:34:51.287,809,33.908,reveal,direct,15,10,0,143,143,20,20,20,20,1,2,0.2,2.8284,########11000000/########F2110011/####221223F1001F/##32F1002F310011/##F322002F200011/##22F1001110112F/#####20000002F42/#####10000002F3F/#####10000001121/#####10000000000/#####10000001221/#####21000012FF1/######221101F321/########F2232211/#########2FF23F2/##############F2,########11000000/########F2110011/####221223F1001F/##32F1002F310011/##F322002F200011/##22F1001110112F/#####20000002F42/#####10000002F3F/#####10000001121/#####10000000000/#####10000001221/#####21000012FF1/######221101F321/########F2232211/#########2FF23F2/##############F2,,playing
20261005_202111,1,1563865846,16,16,40,50,2026-10-05T20:34:52.089,810,0.8018,reveal,direct,15,11,0,144,144,20,20,20,20,2,1,0.4,1.0,########11000000/########F2110011/####221223F1001F/##32F1002F310011/##F322002F200011/##22F1001110112F/#####20000002F42/#####10000002F3F/#####10000001121/#####10000000000/#####10000001221/#####21000012FF1/######221101F321/########F2232211/#########2FF23F2/##########2###F2,########11000000/########F2110011/####221223F1001F/##32F1002F310011/##F322002F200011/##22F1001110112F/#####20000002F42/#####10000002F3F/#####10000001121/#####10000000000/#####10000001221/#####21000012FF1/######221101F321/########F2232211/#########2FF23F2/##########2###F2,,playing
20261005_202111,1,1563865846,16,16,40,51,2026-10-05T20:35:26.894,845,34.8058,reveal,direct,15,12,0,145,145,20,20,20,20,3,1,0.6,1.0,########11000000/########F2110011/####221223F1001F/##32F1002F310011/##F322002F200011/##22F1001110112F/#####20000002F42/#####10000002F3F/#####10000001121/#####10000000000/#####10000001221/#####21000012FF1/######221101F321/########F2232211/#########2FF23F2/##########22##F2,########11000000/########F2110011/####221223F1001F/##32F1002F310011/##F322002F200011/##22F1001110112F/#####20000002F42/#####10000002F3F/#####10000001121/#####10000000000/#####10000001221/#####21000012FF1/######221101F321/########F2232211/#########2FF23F2/##########22##F2,,playing
20261005_202111,1,1563865846,16,16,40,52,2026-10-05T20:35:28.178,846,1.2832,flag,direct,15,13,0,146,146,20,21,20,19,3,0,0.6,1.0,########11000000/########F2110011/####221223F1001F/##32F1002F310011/##F322002F200011/##22F1001110112F/#####20000002F42/#####10000002F3F/#####10000001121/#####10000000000/#####10000001221/#####21000012FF1/######221101F321/########F2232211/#########2FF23F2/##########222#F2,########11000000/########F2110011/####221223F1001F/##32F1002F310011/##F322002F200011/##22F1001110112F/#####20000002F42/#####10000002F3F/#####10000001121/#####10000000000/#####10000001221/#####21000012FF1/######221101F321/########F2232211/#########2FF23F2/##########222FF2,,playing
20261005_202111,1,1563865846,16,16,40,53,2026-10-05T20:35:49.933,868,21.7558,reveal,direct,15,9,0,146,146,21,21,19,19,2,2,0.4,4.0,########11000000/########F2110011/####221223F1001F/##32F1002F310011/##F322002F200011/##22F1001110112F/#####20000002F42/#####10000002F3F/#####10000001121/#####10000000000/#####10000001221/#####21000012FF1/######221101F321/########F2232211/#########2FF23F2/##########222FF2,########11000000/########F2110011/####221223F1001F/##32F1002F310011/##F322002F200011/##22F1001110112F/#####20000002F42/#####10000002F3F/#####10000001121/#####10000000000/#####10000001221/#####21000012FF1/######221101F321/########F2232211/#########2FF23F2/##########222FF2,,playing
20261005_202111,1,1563865846,16,16,40,54,2026-10-05T20:35:53.666,872,3.7325,reveal,direct,15,8,0,147,147,21,21,19,19,2,3,0.4,1.0,########11000000/########F2110011/####221223F1001F/##32F1002F310011/##F322002F200011/##22F1001110112F/#####20000002F42/#####10000002F3F/#####10000001121/#####10000000000/#####10000001221/#####21000012FF1/######221101F321/########F2232211/#########2FF23F2/#########1222FF2,########11000000/########F2110011/####221223F1001F/##32F1002F310011/##F322002F200011/##22F1001110112F/#####20000002F42/#####10000002F3F/#####10000001121/#####10000000000/#####10000001221/#####21000012FF1/######221101F321/########F2232211/#########2FF23F2/#########1222FF2,,playing
20261005_202111,1,1563865846,16,16,40,55,2026-10-05T20:36:24.086,902,30.4201,flag,direct,15,6,0,151,151,21,22,19,18,2,3,0.4,2.0,########11000000/########F2110011/####221223F1001F/##32F1002F310011/##F322002F200011/##22F1001110112F/#####20000002F42/#####10000002F3F/#####10000001121/#####10000000000/#####10000001221/#####21000012FF1/######221101F321/########F2232211/#######412FF23F2/#######201222FF2,########11000000/########F2110011/####221223F1001F/##32F1002F310011/##F322002F200011/##22F1001110112F/#####20000002F42/#####10000002F3F/#####10000001121/#####10000000000/#####10000001221/#####21000012FF1/######221101F321/########F2232211/#######412FF23F2/######F201222FF2,,playing
20261005_202111,1,1563865846,16,16,40,56,2026-10-05T20:36:25.053,903,0.9674,flag,direct,14,6,0,151,151,22,23,18,17,2,5,0.25,1.0,########11000000/########F2110011/####221223F1001F/##32F1002F310011/##F322002F200011/##22F1001110112F/#####20000002F42/#####10000002F3F/#####10000001121/#####10000000000/#####10000001221/#####21000012FF1/######221101F321/########F2232211/#######412FF23F2/######F201222FF2,########11000000/########F2110011/####221223F1001F/##32F1002F310011/##F322002F200011/##22F1001110112F/#####20000002F42/#####10000002F3F/#####10000001121/#####10000000000/#####10000001221/#####21000012FF1/######221101F321/########F2232211/######F412FF23F2/######F201222FF2,,playing
20261005_202111,1,1563865846,16,16,40,57,2026-10-05T20:36:54.082,932,29.0276,reveal,direct,13,7,0,151,151,23,23,17,17,5,1,0.625,1.4142,########11000000/########F2110011/####221223F1001F/##32F1002F310011/##F322002F200011/##22F1001110112F/#####20000002F42/#####10000002F3F/#####10000001121/#####10000000000/#####10000001221/#####21000012FF1/######221101F321/########F2232211/######F412FF23F2/######F201222FF2,########11000000/########F2110011/####221223F1001F/##32F1002F310011/##F322002F200011/##22F1001110112F/#####20000002F42/#####10000002F3F/#####10000001121/#####10000000000/#####10000001221/#####21000012FF1/######221101F321/########F2232211/######F412FF23F2/######F201222FF2,,playing
20261005_202111,1,1563865846,16,16,40,58,2026-10-05T20:36:55.459,934,1.378,flag,direct,13,6,0,152,152,23,24,17,16,4,3,0.5,1.0,########11000000/########F2110011/####221223F1001F/##32F1002F310011/##F322002F200011/##22F1001110112F/#####20000002F42/#####10000002F3F/#####10000001121/#####10000000000/#####10000001221/#####21000012FF1/######221101F321/#######3F2232211/######F412FF23F2/######F201222FF2,########11000000/########F2110011/####221223F1001F/##32F1002F310011/##F322002F200011/##22F1001110112F/#####20000002F42/#####10000002F3F/#####10000001121/#####10000000000/#####10000001221/#####21000012FF1/######221101F321/######F3F2232211/######F412FF23F2/######F201222FF2,,playing
20261005_202111,1,1563865846,16,16,40,59,2026-10-05T20:37:08.965,947,13.5056,reveal,direct,14,5,0,152,152,24,24,16,16,0,5,0.0,1.4142,########11000000/########F2110011/####221223F1001F/##32F1002F310011/##F322002F200011/##22F1001110112F/#####20000002F42/#####10000002F3F/#####10000001121/#####10000000000/#####10000001221/#####21000012FF1/######221101F321/######F3F2232211/######F412FF23F2/######F201222FF2,########11000000/########F2110011/####221223F1001F/##32F1002F310011/##F322002F200011/##22F1001110112F/#####20000002F42/#####10000002F3F/#####10000001121/#####10000000000/#####10000001221/#####21000012FF1/######221101F321/######F3F2232211/######F412FF23F2/######F201222FF2,,playing
20261005_202111,1,1563865846,16,16,40,60,2026-10-05T20:37:20.953,959,11.9887,reveal,direct,13,5,0,153,153,24,24,16,16,2,4,0.25,1.0,########11000000/########F2110011/####221223F1001F/##32F1002F310011/##F322002F200011/##22F1001110112F/#####20000002F42/#####10000002F3F/#####10000001121/#####10000000000/#####10000001221/#####21000012FF1/######221101F321/######F3F2232211/#####4F412FF23F2/######F201222FF2,########11000000/########F2110011/####221223F1001F/##32F1002F310011/##F322002F200011/##22F1001110112F/#####20000002F42/#####10000002F3F/#####10000001121/#####10000000000/#####10000001221/#####21000012FF1/######221101F321/######F3F2232211/#####4F412FF23F2/######F201222FF2,,playing
20261005_202111,1,1563865846,16,16,40,61,2026-10-05T20:37:22.160,960,1.207,flag,direct,12,5,0,154,154,24,25,16,15,4,3,0.5,1.0,########11000000/########F2110011/####221223F1001F/##32F1002F310011/##F322002F200011/##22F1001110112F/#####20000002F42/#####10000002F3F/#####10000001121/#####10000000000/#####10000001221/#####21000012FF1/######221101F321/#####3F3F2232211/#####4F412FF23F2/######F201222FF2,########11000000/########F2110011/####221223F1001F/##32F1002F310011/##F322002F200011/##22F1001110112F/#####20000002F42/#####10000002F3F/#####10000001121/#####10000000000/#####10000001221/#####21000012FF1/#####F221101F321/#####3F3F2232211/#####4F412FF23F2/######F201222FF2,,playing
20261005_202111,1,1563865846,16,16,40,62,2026-10-05T20:38:22.334,999,60.1734,reveal,direct,12,4,0,154,154,25,25,15,15,2,5,0.25,1.0,########11000000/########F2110011/####221223F1001F/##32F1002F310011/##F322002F200011/##22F1001110112F/#####20000002F42/#####10000002F3F/#####10000001121/#####10000000000/#####10000001221/#####21000012FF1/#####F221101F321/#####3F3F2232211/#####4F412FF23F2/######F201222FF2,########11000000/########F2110011/####221223F1001F/##32F1002F310011/##F322002F200011/##22F1001110112F/#####20000002F42/#####10000002F3F/#####10000001121/#####10000000000/#####10000001221/#####21000012FF1/#####F221101F321/#####3F3F2232211/#####4F412FF23F2/######F201222FF2,,playing
20261005_202111,1,1563865846,16,16,40,63,2026-10-05T20:38:22.978,999,0.6447,reveal,direct,13,4,0,155,155,25,25,15,15,3,4,0.375,1.0,########11000000/########F2110011/####221223F1001F/##32F1002F310011/##F322002F200011/##22F1001110112F/#####20000002F42/#####10000002F3F/#####10000001121/#####10000000000/#####10000001221/#####21000012FF1/####2F221101F321/#####3F3F2232211/#####4F412FF23F2/######F201222FF2,########11000000/########F2110011/####221223F1001F/##32F1002F310011/##F322002F200011/##22F1001110112F/#####20000002F42/#####10000002F3F/#####10000001121/#####10000000000/#####10000001221/#####21000012FF1/####2F221101F321/#####3F3F2232211/#####4F412FF23F2/######F201222FF2,,playing
20261005_202111,1,1563865846,16,16,40,64,2026-10-05T20:38:23.624,999,0.6458,reveal,direct,14,4,0,156,156,25,25,15,15,3,5,0.375,1.0,########11000000/########F2110011/####221223F1001F/##32F1002F310011/##F322002F200011/##22F1001110112F/#####20000002F42/#####10000002F3F/#####10000001121/#####10000000000/#####10000001221/#####21000012FF1/####2F221101F321/####13F3F2232211/#####4F412FF23F2/######F201222FF2,########11000000/########F2110011/####221223F1001F/##32F1002F310011/##F322002F200011/##22F1001110112F/#####20000002F42/#####10000002F3F/#####10000001121/#####10000000000/#####10000001221/#####21000012FF1/####2F221101F321/####13F3F2232211/#####4F412FF23F2/######F201222FF2,,playing
20261005_202111,1,1563865846,16,16,40,65,2026-10-05T20:40:40.758,999,137.1339,reveal,direct,8,3,0,157,157,25,25,15,15,0,8,0.0,6.0828,########11000000/########F2110011/####221223F1001F/##32F1002F310011/##F322002F200011/##22F1001110112F/#####20000002F42/#####10000002F3F/#####10000001121/#####10000000000/#####10000001221/#####21000012FF1/####2F221101F321/####13F3F2232211/####14F412FF23F2/######F201222FF2,########11000000/########F2110011/####221223F1001F/##32F1002F310011/##F322002F200011/##22F1001110112F/#####20000002F42/#####10000002F3F/#####10000001121/#####10000000000/#####10000001221/#####21000012FF1/####2F221101F321/####13F3F2232211/####14F412FF23F2/######F201222FF2,,playing
20261005_202111,1,1563865846,16,16,40,66,2026-10-05T20:41:25.656,999,44.898,reveal,direct,0,7,0,158,158,25,25,15,15,1,3,0.2,8.9443,########11000000/########F2110011/####221223F1001F/##32F1002F310011/##F322002F200011/##22F1001110112F/#####20000002F42/#####10000002F3F/###1#10000001121/#####10000000000/#####10000001221/#####21000012FF1/####2F221101F321/####13F3F2232211/####14F412FF23F2/######F201222FF2,########11000000/########F2110011/####221223F1001F/##32F1002F310011/##F322002F200011/##22F1001110112F/#####20000002F42/#####10000002F3F/###1#10000001121/#####10000000000/#####10000001221/#####21000012FF1/####2F221101F321/####13F3F2232211/####14F412FF23F2/######F201222FF2,,playing
20261005_202111,1,1563865846,16,16,40,67,2026-10-05T20:41:30.307,999,4.6505,flag,direct,1,6,0,159,159,25,26,15,14,4,4,0.5,1.4142,#######211000000/########F2110011/####221223F1001F/##32F1002F310011/##F322002F200011/##22F1001110112F/#####20000002F42/#####10000002F3F/###1#10000001121/#####10000000000/#####10000001221/#####21000012FF1/####2F221101F321/####13F3F2232211/####14F412FF23F2/######F201222FF2,#######211000000/######F#F2110011/####221223F1001F/##32F1002F310011/##F322002F200011/##22F1001110112F/#####20000002F42/#####10000002F3F/###1#10000001121/#####10000000000/#####10000001221/#####21000012FF1/####2F221101F321/####13F3F2232211/####14F412FF23F2/######F201222FF2,,playing
20261005_202111,1,1563865846,16,16,40,68,2026-10-05T20:41:33.548,999,3.2413,reveal,direct,1,7,0,159,159,26,26,14,14,5,1,0.625,1.0,#######211000000/######F#F2110011/####221223F1001F/##32F1002F310011/##F322002F200011/##22F1001110112F/#####20000002F42/#####10000002F3F/###1#10000001121/#####10000000000/#####10000001221/#####21000012FF1/####2F221101F321/####13F3F2232211/####14F412FF23F2/######F201222FF2,#######211000000/######F#F2110011/####221223F1001F/##32F1002F310011/##F322002F200011/##22F1001110112F/#####20000002F42/#####10000002F3F/###1#10000001121/#####10000000000/#####10000001221/#####21000012FF1/####2F221101F321/####13F3F2232211/####14F412FF23F2/######F201222FF2,,playing
20261005_202111,1,1563865846,16,16,40,69,2026-10-05T20:42:33.759,999,60.2112,reveal,direct,1,5,0,160,160,26,26,14,14,3,4,0.375,2.0,#######211000000/######F2F2110011/####221223F1001F/##32F1002F310011/##F322002F200011/##22F1001110112F/#####20000002F42/#####10000002F3F/###1#10000001121/#####10000000000/#####10000001221/#####21000012FF1/####2F221101F321/####13F3F2232211/####14F412FF23F2/######F201222FF2,#######211000000/######F2F2110011/####221223F1001F/##32F1002F310011/##F322002F200011/##22F1001110112F/#####20000002F42/#####10000002F3F/###1#10000001121/#####10000000000/#####10000001221/#####21000012FF1/####2F221101F321/####13F3F2232211/####14F412FF23F2/######F201222FF2,,playing
20261005_202111,1,1563865846,16,16,40,70,2026-10-05T20:42:38.387,999,4.6277,reveal,direct,0,6,0,161,161,26,26,14,14,3,1,0.6,1.4142,#######211000000/#####2F2F2110011/####221223F1001F/##32F1002F310011/##F322002F200011/##22F1001110112F/#####20000002F42/#####10000002F3F/###1#10000001121/#####10000000000/#####10000001221/#####21000012FF1/####2F221101F321/####13F3F2232211/####14F412FF23F2/######F201222FF2,#######211000000/#####2F2F2110011/####221223F1001F/##32F1002F310011/##F322002F200011/##22F1001110112F/#####20000002F42/#####10000002F3F/###1#10000001121/#####10000000000/#####10000001221/#####21000012FF1/####2F221101F321/####13F3F2232211/####14F412FF23F2/######F201222FF2,,playing
20261005_202111,1,1563865846,16,16,40,71,2026-10-05T20:42:43.629,999,5.2418,flag,direct,0,5,0,162,162,26,27,14,13,2,2,0.4,1.0,######2211000000/#####2F2F2110011/####221223F1001F/##32F1002F310011/##F322002F200011/##22F1001110112F/#####20000002F42/#####10000002F3F/###1#10000001121/#####10000000000/#####10000001221/#####21000012FF1/####2F221101F321/####13F3F2232211/####14F412FF23F2/######F201222FF2,#####F2211000000/#####2F2F2110011/####221223F1001F/##32F1002F310011/##F322002F200011/##22F1001110112F/#####20000002F42/#####10000002F3F/###1#10000001121/#####10000000000/#####10000001221/#####21000012FF1/####2F221101F321/####13F3F2232211/####14F412FF23F2/######F201222FF2,,playing
20261005_202111,1,1563865846,16,16,40,72,2026-10-05T20:51:23.364,999,519.7358,reveal,direct,1,4,0,162,162,27,27,13,13,3,4,0.375,1.4142,#####F2211000000/#####2F2F2110011/####221223F1001F/##32F1002F310011/##F322002F200011/##22F1001110112F/#####20000002F42/#####10000002F3F/###1#10000001121/#####10000000000/#####10000001221/#####21000012FF1/####2F221101F321/####13F3F2232211/####14F412FF23F2/######F201222FF2,#####F2211000000/#####2F2F2110011/####221223F1001F/##32F1002F310011/##F322002F200011/##22F1001110112F/#####20000002F42/#####10000002F3F/###1#10000001121/#####10000000000/#####10000001221/#####21000012FF1/####2F221101F321/####13F3F2232211/####14F412FF23F2/######F201222FF2,,playing
20261005_202111,1,1563865846,16,16,40,73,2026-10-05T20:51:27.702,999,4.3376,reveal,direct,0,4,0,163,163,27,27,13,13,2,2,0.4,1.0,#####F2211000000/####22F2F2110011/####221223F1001F/##32F1002F310011/##F322002F200011/##22F1001110112F/#####20000002F42/#####10000002F3F/###1#10000001121/#####10000000000/#####10000001221/#####21000012FF1/####2F221101F321/####13F3F2232211/####14F412FF23F2/######F201222FF2,#####F2211000000/####22F2F2110011/####221223F1001F/##32F1002F310011/##F322002F200011/##22F1001110112F/#####20000002F42/#####10000002F3F/###1#10000001121/#####10000000000/#####10000001221/#####21000012FF1/####2F221101F321/####13F3F2232211/####14F412FF23F2/######F201222FF2,,playing
20261005_202111,1,1563865846,16,16,40,74,2026-10-05T20:51:34.390,999,6.6879,reveal,direct,0,3,0,164,164,27,27,13,13,2,3,0.4,1.0,####2F2211000000/####22F2F2110011/####221223F1001F/##32F1002F310011/##F322002F200011/##22F1001110112F/#####20000002F42/#####10000002F3F/###1#10000001121/#####10000000000/#####10000001221/#####21000012FF1/####2F221101F321/####13F3F2232211/####14F412FF23F2/######F201222FF2,####2F2211000000/####22F2F2110011/####221223F1001F/##32F1002F310011/##F322002F200011/##22F1001110112F/#####20000002F42/#####10000002F3F/###1#10000001121/#####10000000000/#####10000001221/#####21000012FF1/####2F221101F321/####13F3F2232211/####14F412FF23F2/######F201222FF2,,playing
20261005_202111,1,1563865846,16,16,40,75,2026-10-05T20:51:38.934,999,4.5446,flag,direct,1,3,0,165,165,27,28,13,12,4,4,0.5,1.0,###12F2211000000/####22F2F2110011/####221223F1001F/##32F1002F310011/##F322002F200011/##22F1001110112F/#####20000002F42/#####10000002F3F/###1#10000001121/#####10000000000/#####10000001221/#####21000012FF1/####2F221101F321/####13F3F2232211/####14F412FF23F2/######F201222FF2,###12F2211000000/###F22F2F2110011/####221223F1001F/##32F1002F310011/##F322002F200011/##22F1001110112F/#####20000002F42/#####10000002F3F/###1#10000001121/#####10000000000/#####10000001221/#####21000012FF1/####2F221101F321/####13F3F2232211/####14F412FF23F2/######F201222FF2,,playing
20261005_202111,1,1563865846,16,16,40,76,2026-10-05T20:51:42.246,999,3.3113,reveal,direct,2,3,0,165,165,28,28,12,12,4,2,0.5,1.0,###12F2211000000/###F22F2F2110011/####221223F1001F/##32F1002F310011/##F322002F200011/##22F1001110112F/#####20000002F42/#####10000002F3F/###1#10000001121/#####10000000000/#####10000001221/#####21000012FF1/####2F221101F321/####13F3F2232211/####14F412FF23F2/######F201222FF2,###12F2211000000/###F22F2F2110011/####221223F1001F/##32F1002F310011/##F322002F200011/##22F1001110112F/#####20000002F42/#####10000002F3F/###1#10000001121/#####10000000000/#####10000001221/#####21000012FF1/####2F221101F321/####13F3F2232211/####14F412FF23F2/######F201222FF2,,playing
20261005_202111,1,1563865846,16,16,40,77,2026-10-05T20:51:44.671,999,2.4255,reveal,direct,2,2,0,166,166,28,28,12,12,3,4,0.375,1.0,###12F2211000000/###F22F2F2110011/###2221223F1001F/##32F1002F310011/##F322002F200011/##22F1001110112F/#####20000002F42/#####10000002F3F/###1#10000001121/#####10000000000/#####10000001221/#####21000012FF1/####2F221101F321/####13F3F2232211/####14F412FF23F2/######F201222FF2,###12F2211000000/###F22F2F2110011/###2221223F1001F/##32F1002F310011/##F322002F200011/##22F1001110112F/#####20000002F42/#####10000002F3F/###1#10000001121/#####10000000000/#####10000001221/#####21000012FF1/####2F221101F321/####13F3F2232211/####14F412FF23F2/######F201222FF2,,playing
20261005_202111,1,1563865846,16,16,40,78,2026-10-05T20:51:45.454,999,0.7823,reveal,direct,1,2,0,167,167,28,28,12,12,3,4,0.375,1.0,###12F2211000000/###F22F2F2110011/##22221223F1001F/##32F1002F310011/##F322002F200011/##22F1001110112F/#####20000002F42/#####10000002F3F/###1#10000001121/#####10000000000/#####10000001221/#####21000012FF1/####2F221101F321/####13F3F2232211/####14F412FF23F2/######F201222FF2,###12F2211000000/###F22F2F2110011/##22221223F1001F/##32F1002F310011/##F322002F200011/##22F1001110112F/#####20000002F42/#####10000002F3F/###1#10000001121/#####10000000000/#####10000001221/#####21000012FF1/####2F221101F321/####13F3F2232211/####14F412FF23F2/######F201222FF2,,playing
20261005_202111,1,1563865846,16,16,40,79,2026-10-05T20:51:48.240,999,2.7867,reveal,direct,0,2,0,168,168,28,28,12,12,2,2,0.4,1.0,###12F2211000000/##2F22F2F2110011/##22221223F1001F/##32F1002F310011/##F322002F200011/##22F1001110112F/#####20000002F42/#####10000002F3F/###1#10000001121/#####10000000000/#####10000001221/#####21000012FF1/####2F221101F321/####13F3F2232211/####14F412FF23F2/######F201222FF2,###12F2211000000/##2F22F2F2110011/##22221223F1001F/##32F1002F310011/##F322002F200011/##22F1001110112F/#####20000002F42/#####10000002F3F/###1#10000001121/#####10000000000/#####10000001221/#####21000012FF1/####2F221101F321/####13F3F2232211/####14F412FF23F2/######F201222FF2,,playing
20261005_202111,1,1563865846,16,16,40,80,2026-10-05T20:51:50.552,999,2.3121,reveal,direct,0,1,0,169,169,28,28,12,12,2,3,0.4,1.0,##112F2211000000/##2F22F2F2110011/##22221223F1001F/##32F1002F310011/##F322002F200011/##22F1001110112F/#####20000002F42/#####10000002F3F/###1#10000001121/#####10000000000/#####10000001221/#####21000012FF1/####2F221101F321/####13F3F2232211/####14F412FF23F2/######F201222FF2,##112F2211000000/##2F22F2F2110011/##22221223F1001F/##32F1002F310011/##F322002F200011/##22F1001110112F/#####20000002F42/#####10000002F3F/###1#10000001121/#####10000000000/#####10000001221/#####21000012FF1/####2F221101F321/####13F3F2232211/####14F412FF23F2/######F201222FF2,,playing
20261005_202111,1,1563865846,16,16,40,81,2026-10-05T20:52:35.655,999,45.1029,flag,direct,2,1,0,173,173,28,29,12,11,5,3,0.625,2.0,00112F2211000000/222F22F2F2110011/##22221223F1001F/##32F1002F310011/##F322002F200011/##22F1001110112F/#####20000002F42/#####10000002F3F/###1#10000001121/#####10000000000/#####10000001221/#####21000012FF1/####2F221101F321/####13F3F2232211/####14F412FF23F2/######F201222FF2,00112F2211000000/222F22F2F2110011/#F22221223F1001F/##32F1002F310011/##F322002F200011/##22F1001110112F/#####20000002F42/#####10000002F3F/###1#10000001121/#####10000000000/#####10000001221/#####21000012FF1/####2F221101F321/####13F3F2232211/####14F412FF23F2/######F201222FF2,,playing
20261005_202111,1,1563865846,16,16,40,82,2026-10-05T20:52:38.095,999,2.44,flag,direct,3,1,0,173,173,29,30,11,10,2,4,0.25,1.0,00112F2211000000/222F22F2F2110011/#F22221223F1001F/##32F1002F310011/##F322002F200011/##22F1001110112F/#####20000002F42/#####10000002F3F/###1#10000001121/#####10000000000/#####10000001221/#####21000012FF1/####2F221101F321/####13F3F2232211/####14F412FF23F2/######F201222FF2,00112F2211000000/222F22F2F2110011/#F22221223F1001F/#F32F1002F310011/##F322002F200011/##22F1001110112F/#####20000002F42/#####10000002F3F/###1#10000001121/#####10000000000/#####10000001221/#####21000012FF1/####2F221101F321/####13F3F2232211/####14F412FF23F2/######F201222FF2,,playing
20261005_202111,1,1563865846,16,16,40,83,2026-10-05T20:52:53.300,999,15.2052,flag,direct,2,0,0,173,173,30,31,10,9,2,1,0.4,1.4142,00112F2211000000/222F22F2F2110011/#F22221223F1001F/#F32F1002F310011/##F322002F200011/##22F1001110112F/#####20000002F42/#####10000002F3F/###1#10000001121/#####10000000000/#####10000001221/#####21000012FF1/####2F221101F321/####13F3F2232211/####14F412FF23F2/######F201222FF2,00112F2211000000/222F22F2F2110011/FF22221223F1001F/#F32F1002F310011/##F322002F200011/##22F1001110112F/#####20000002F42/#####10000002F3F/###1#10000001121/#####10000000000/#####10000001221/#####21000012FF1/####2F221101F321/####13F3F2232211/####14F412FF23F2/######F201222FF2,,playing
20261005_202111,1,1563865846,16,16,40,84,2026-10-05T20:52:57.804,999,4.5033,reveal,direct,3,0,0,173,173,31,31,9,9,0,2,0.0,1.0,00112F2211000000/222F22F2F2110011/FF22221223F1001F/#F32F1002F310011/##F322002F200011/##22F1001110112F/#####20000002F42/#####10000002F3F/###1#10000001121/#####10000000000/#####10000001221/#####21000012FF1/####2F221101F321/####13F3F2232211/####14F412FF23F2/######F201222FF2,00112F2211000000/222F22F2F2110011/FF22221223F1001F/#F32F1002F310011/##F322002F200011/##22F1001110112F/#####20000002F42/#####10000002F3F/###1#10000001121/#####10000000000/#####10000001221/#####21000012FF1/####2F221101F321/####13F3F2232211/####14F412FF23F2/######F201222FF2,,playing
20261005_202111,1,1563865846,16,16,40,85,2026-10-05T20:53:00.418,999,2.6144,reveal,direct,3,0,0,173,173,31,31,9,9,0,2,0.0,0.0,00112F2211000000/222F22F2F2110011/FF22221223F1001F/#F32F1002F310011/##F322002F200011/##22F1001110112F/#####20000002F42/#####10000002F3F/###1#10000001121/#####10000000000/#####10000001221/#####21000012FF1/####2F221101F321/####13F3F2232211/####14F412FF23F2/######F201222FF2,00112F2211000000/222F22F2F2110011/FF22221223F1001F/#F32F1002F310011/##F322002F200011/##22F1001110112F/#####20000002F42/#####10000002F3F/###1#10000001121/#####10000000000/#####10000001221/#####21000012FF1/####2F221101F321/####13F3F2232211/####14F412FF23F2/######F201222FF2,,playing
20261005_202111,1,1563865846,16,16,40,86,2026-10-05T20:53:01.631,999,1.213,reveal,direct,3,0,0,173,173,31,31,9,9,0,2,0.0,0.0,00112F2211000000/222F22F2F2110011/FF22221223F1001F/#F32F1002F310011/##F322002F200011/##22F1001110112F/#####20000002F42/#####10000002F3F/###1#10000001121/#####10000000000/#####10000001221/#####21000012FF1/####2F221101F321/####13F3F2232211/####14F412FF23F2/######F201222FF2,00112F2211000000/222F22F2F2110011/FF22221223F1001F/#F32F1002F310011/##F322002F200011/##22F1001110112F/#####20000002F42/#####10000002F3F/###1#10000001121/#####10000000000/#####10000001221/#####21000012FF1/####2F221101F321/####13F3F2232211/####14F412FF23F2/######F201222FF2,,playing
20261005_202111,1,1563865846,16,16,40,87,2026-10-05T20:53:03.032,999,1.4012,reveal,direct,4,0,0,173,173,31,31,9,9,0,4,0.0,1.0,00112F2211000000/222F22F2F2110011/FF22221223F1001F/#F32F1002F310011/##F322002F200011/##22F1001110112F/#####20000002F42/#####10000002F3F/###1#10000001121/#####10000000000/#####10000001221/#####21000012FF1/####2F221101F321/####13F3F2232211/####14F412FF23F2/######F201222FF2,00112F2211000000/222F22F2F2110011/FF22221223F1001F/#F32F1002F310011/##F322002F200011/##22F1001110112F/#####20000002F42/#####10000002F3F/###1#10000001121/#####10000000000/#####10000001221/#####21000012FF1/####2F221101F321/####13F3F2232211/####14F412FF23F2/######F201222FF2,,playing
20261005_202111,1,1563865846,16,16,40,88,2026-10-05T20:53:25.348,999,22.3144,reveal,direct,3,0,0,174,174,31,31,9,9,1,1,0.2,1.0,00112F2211000000/222F22F2F2110011/FF22221223F1001F/#F32F1002F310011/2#F322002F200011/##22F1001110112F/#####20000002F42/#####10000002F3F/###1#10000001121/#####10000000000/#####10000001221/#####21000012FF1/####2F221101F321/####13F3F2232211/####14F412FF23F2/######F201222FF2,00112F2211000000/222F22F2F2110011/FF22221223F1001F/#F32F1002F310011/2#F322002F200011/##22F1001110112F/#####20000002F42/#####10000002F3F/###1#10000001121/#####10000000000/#####10000001221/#####21000012FF1/####2F221101F321/####13F3F2232211/####14F412FF23F2/######F201222FF2,,playing
20261005_202111,1,1563865846,16,16,40,89,2026-10-05T20:53:26.740,999,1.393,reveal,direct,4,1,0,174,174,31,31,9,9,3,3,0.375,1.4142,00112F2211000000/222F22F2F2110011/FF22221223F1001F/#F32F1002F310011/2#F322002F200011/##22F1001110112F/#####20000002F42/#####10000002F3F/###1#10000001121/#####10000000000/#####10000001221/#####21000012FF1/####2F221101F321/####13F3F2232211/####14F412FF23F2/######F201222FF2,00112F2211000000/222F22F2F2110011/FF22221223F1001F/#F32F1002F310011/2#F322002F200011/##22F1001110112F/#####20000002F42/#####10000002F3F/###1#10000001121/#####10000000000/#####10000001221/#####21000012FF1/####2F221101F321/####13F3F2232211/####14F412FF23F2/######F201222FF2,,playing
20261005_202111,1,1563865846,16,16,40,90,2026-10-05T20:53:27.759,999,1.0198,reveal,direct,5,1,0,174,174,31,31,9,9,2,5,0.25,1.0,00112F2211000000/222F22F2F2110011/FF22221223F1001F/#F32F1002F310011/2#F322002F200011/##22F1001110112F/#####20000002F42/#####10000002F3F/###1#10000001121/#####10000000000/#####10000001221/#####21000012FF1/####2F221101F321/####13F3F2232211/####14F412FF23F2/######F201222FF2,00112F2211000000/222F22F2F2110011/FF22221223F1001F/#F32F1002F310011/2#F322002F200011/##22F1001110112F/#####20000002F42/#####10000002F3F/###1#10000001121/#####10000000000/#####10000001221/#####21000012FF1/####2F221101F321/####13F3F2232211/####14F412FF23F2/######F201222FF2,,playing
20261005_202111,1,1563865846,16,16,40,91,2026-10-05T20:53:28.601,999,0.8413,reveal,direct,5,0,0,175,175,31,31,9,9,2,3,0.4,1.0,00112F2211000000/222F22F2F2110011/FF22221223F1001F/#F32F1002F310011/2#F322002F200011/#222F1001110112F/#####20000002F42/#####10000002F3F/###1#10000001121/#####10000000000/#####10000001221/#####21000012FF1/####2F221101F321/####13F3F2232211/####14F412FF23F2/######F201222FF2,00112F2211000000/222F22F2F2110011/FF22221223F1001F/#F32F1002F310011/2#F322002F200011/#222F1001110112F/#####20000002F42/#####10000002F3F/###1#10000001121/#####10000000000/#####10000001221/#####21000012FF1/####2F221101F321/####13F3F2232211/####14F412FF23F2/######F201222FF2,,playing
20261005_202111,1,1563865846,16,16,40,92,2026-10-05T20:53:29.226,999,0.6254,reveal,direct,6,0,0,176,176,31,31,9,9,2,3,0.4,1.0,00112F2211000000/222F22F2F2110011/FF22221223F1001F/#F32F1002F310011/2#F322002F200011/1222F1001110112F/#####20000002F42/#####10000002F3F/###1#10000001121/#####10000000000/#####10000001221/#####21000012FF1/####2F221101F321/####13F3F2232211/####14F412FF23F2/######F201222FF2,00112F2211000000/222F22F2F2110011/FF22221223F1001F/#F32F1002F310011/2#F322002F200011/1222F1001110112F/#####20000002F42/#####10000002F3F/###1#10000001121/#####10000000000/#####10000001221/#####21000012FF1/####2F221101F321/####13F3F2232211/####14F412FF23F2/######F201222FF2,,playing
20261005_202111,1,1563865846,16,16,40,93,2026-10-05T20:53:30.037,999,0.811,reveal,direct,9,2,0,184,184,31,31,9,9,1,7,0.125,3.6056,00112F2211000000/222F22F2F2110011/FF22221223F1001F/#F32F1002F310011/2#F322002F200011/1222F1001110112F/0002#20000002F42/1111#10000002F3F/###1#10000001121/#####10000000000/#####10000001221/#####21000012FF1/####2F221101F321/####13F3F2232211/####14F412FF23F2/######F201222FF2,00112F2211000000/222F22F2F2110011/FF22221223F1001F/#F32F1002F310011/2#F322002F200011/1222F1001110112F/0002#20000002F42/1111#10000002F3F/###1#10000001121/#####10000000000/#####10000001221/#####21000012FF1/####2F221101F321/####13F3F2232211/####14F412FF23F2/######F201222FF2,,playing
20261005_202111,1,1563865846,16,16,40,94,2026-10-05T20:53:30.669,999,0.6318,reveal,direct,8,1,0,185,185,31,31,9,9,4,4,0.5,1.4142,00112F2211000000/222F22F2F2110011/FF22221223F1001F/#F32F1002F310011/2#F322002F200011/1222F1001110112F/0002#20000002F42/1111#10000002F3F/###1#10000001121/##1##10000000000/#####10000001221/#####21000012FF1/####2F221101F321/####13F3F2232211/####14F412FF23F2/######F201222FF2,00112F2211000000/222F22F2F2110011/FF22221223F1001F/#F32F1002F310011/2#F322002F200011/1222F1001110112F/0002#20000002F42/1111#10000002F3F/###1#10000001121/##1##10000000000/#####10000001221/#####21000012FF1/####2F221101F321/####13F3F2232211/####14F412FF23F2/######F201222FF2,,playing
20261005_202111,1,1563865846,16,16,40,95,2026-10-05T20:53:31.323,999,0.6545,reveal,direct,8,2,0,185,185,31,31,9,9,5,3,0.625,1.0,00112F2211000000/222F22F2F2110011/FF22221223F1001F/#F32F1002F310011/2#F322002F200011/1222F1001110112F/0002#20000002F42/1111#10000002F3F/###1#10000001121/##1##10000000000/#####10000001221/#####21000012FF1/####2F221101F321/####13F3F2232211/####14F412FF23F2/######F201222FF2,00112F2211000000/222F22F2F2110011/FF22221223F1001F/#F32F1002F310011/2#F322002F200011/1222F1001110112F/0002#20000002F42/1111#10000002F3F/###1#10000001121/##1##10000000000/#####10000001221/#####21000012FF1/####2F221101F321/####13F3F2232211/####14F412FF23F2/######F201222FF2,,playing
20261005_202111,1,1563865846,16,16,40,96,2026-10-05T20:53:32.077,999,0.7534,reveal,direct,8,1,0,186,186,31,31,9,9,5,3,0.625,1.0,00112F2211000000/222F22F2F2110011/FF22221223F1001F/#F32F1002F310011/2#F322002F200011/1222F1001110112F/0002#20000002F42/1111#10000002F3F/##11#10000001121/##1##10000000000/#####10000001221/#####21000012FF1/####2F221101F321/####13F3F2232211/####14F412FF23F2/######F201222FF2,00112F2211000000/222F22F2F2110011/FF22221223F1001F/#F32F1002F310011/2#F322002F200011/1222F1001110112F/0002#20000002F42/1111#10000002F3F/##11#10000001121/##1##10000000000/#####10000001221/#####21000012FF1/####2F221101F321/####13F3F2232211/####14F412FF23F2/######F201222FF2,,playing
20261005_202111,1,1563865846,16,16,40,97,2026-10-05T20:53:32.637,999,0.5604,reveal,direct,8,0,0,186,186,31,31,9,9,2,3,0.4,1.0,00112F2211000000/222F22F2F2110011/FF22221223F1001F/#F32F1002F310011/2#F322002F200011/1222F1001110112F/0002#20000002F42/1111#10000002F3F/##11#10000001121/##1##10000000000/#####10000001221/#####21000012FF1/####2F221101F321/####13F3F2232211/####14F412FF23F2/######F201222FF2,00112F2211000000/222F22F2F2110011/FF22221223F1001F/#F32F1002F310011/2#F322002F200011/1222F1001110112F/0002#20000002F42/1111#10000002F3F/##11#10000001121/##1##10000000000/#####10000001221/#####21000012FF1/####2F221101F321/####13F3F2232211/####14F412FF23F2/######F201222FF2,,playing
20261005_202111,1,1563865846,16,16,40,98,2026-10-05T20:53:33.219,999,0.5815,reveal,direct,9,0,0,187,187,31,31,9,9,1,4,0.2,1.0,00112F2211000000/222F22F2F2110011/FF22221223F1001F/#F32F1002F310011/2#F322002F200011/1222F1001110112F/0002#20000002F42/1111#10000002F3F/2#11#10000001121/##1##10000000000/#####10000001221/#####21000012FF1/####2F221101F321/####13F3F2232211/####14F412FF23F2/######F201222FF2,00112F2211000000/222F22F2F2110011/FF22221223F1001F/#F32F1002F310011/2#F322002F200011/1222F1001110112F/0002#20000002F42/1111#10000002F3F/2#11#10000001121/##1##10000000000/#####10000001221/#####21000012FF1/####2F221101F321/####13F3F2232211/####14F412FF23F2/######F201222FF2,,playing
20261005_202111,1,1563865846,16,16,40,99,2026-10-05T20:53:33.845,999,0.6258,reveal,direct,9,1,0,187,187,31,31,9,9,3,5,0.375,1.0,00112F2211000000/222F22F2F2110011/FF22221223F1001F/#F32F1002F310011/2#F322002F200011/1222F1001110112F/0002#20000002F42/1111#10000002F3F/2#11#10000001121/##1##10000000000/#####10000001221/#####21000012FF1/####2F221101F321/####13F3F2232211/####14F412FF23F2/######F201222FF2,00112F2211000000/222F22F2F2110011/FF22221223F1001F/#F32F1002F310011/2#F322002F200011/1222F1001110112F/0002#20000002F42/1111#10000002F3F/2#11#10000001121/##1##10000000000/#####10000001221/#####21000012FF1/####2F221101F321/####13F3F2232211/####14F412FF23F2/######F201222FF2,,playing
20261005_202111,1,1563865846,16,16,40,100,2026-10-05T20:53:34.484,999,0.6394,reveal,direct,10,1,0,188,188,31,31,9,9,2,6,0.25,1.0,00112F2211000000/222F22F2F2110011/FF22221223F1001F/#F32F1002F310011/2#F322002F200011/1222F1001110112F/0002#20000002F42/1111#10000002F3F/2#11#10000001121/#21##10000000000/#####10000001221/#####21000012FF1/####2F221101F321/####13F3F2232211/####14F412FF23F2/######F201222FF2,00112F2211000000/222F22F2F2110011/FF22221223F1001F/#F32F1002F310011/2#F322002F200011/1222F1001110112F/0002#20000002F42/1111#10000002F3F/2#11#10000001121/#21##10000000000/#####10000001221/#####21000012FF1/####2F221101F321/####13F3F2232211/####14F412FF23F2/######F201222FF2,,playing
20261005_202111,1,1563865846,16,16,40,101,2026-10-05T20:53:34.994,999,0.5087,reveal,direct,10,2,0,189,189,31,31,9,9,3,5,0.375,1.0,00112F2211000000/222F22F2F2110011/FF22221223F1001F/#F32F1002F310011/2#F322002F200011/1222F1001110112F/0002#20000002F42/1111#10000002F3F/2#11#10000001121/#21##10000000000/#2###10000001221/#####21000012FF1/####2F221101F321/####13F3F2232211/####14F412FF23F2/######F201222FF2,00112F2211000000/222F22F2F2110011/FF22221223F1001F/#F32F1002F310011/2#F322002F200011/1222F1001110112F/0002#20000002F42/1111#10000002F3F/2#11#10000001121/#21##10000000000/#2###10000001221/#####21000012FF1/####2F221101F321/####13F3F2232211/####14F412FF23F2/######F201222FF2,,playing
20261005_202111,1,1563865846,16,16,40,102,2026-10-05T20:53:35.532,999,0.539,reveal,direct,10,3,0,190,190,31,31,9,9,2,6,0.25,1.0,00112F2211000000/222F22F2F2110011/FF22221223F1001F/#F32F1002F310011/2#F322002F200011/1222F1001110112F/0002#20000002F42/1111#10000002F3F/2#11#10000001121/#21##10000000000/#22##10000001221/#####21000012FF1/####2F221101F321/####13F3F2232211/####14F412FF23F2/######F201222FF2,00112F2211000000/222F22F2F2110011/FF22221223F1001F/#F32F1002F310011/2#F322002F200011/1222F1001110112F/0002#20000002F42/1111#10000002F3F/2#11#10000001121/#21##10000000000/#22##10000001221/#####21000012FF1/####2F221101F321/####13F3F2232211/####14F412FF23F2/######F201222FF2,,playing
20261005_202111,1,1563865846,16,16,40,103,2026-10-05T20:53:36.128,999,0.5962,reveal,direct,9,4,0,191,191,31,31,9,9,5,3,0.625,1.4142,00112F2211000000/222F22F2F2110011/FF22221223F1001F/#F32F1002F310011/2#F322002F200011/1222F1001110112F/0002#20000002F42/1111#10000002F3F/2#11#10000001121/#21##10000000000/#223#10000001221/#####21000012FF1/####2F221101F321/####13F3F2232211/####14F412FF23F2/######F201222FF2,00112F2211000000/222F22F2F2110011/FF22221223F1001F/#F32F1002F310011/2#F322002F200011/1222F1001110112F/0002#20000002F42/1111#10000002F3F/2#11#10000001121/#21##10000000000/#223#10000001221/#####21000012FF1/####2F221101F321/####13F3F2232211/####14F412FF23F2/######F201222FF2,,playing
20261005_202111,1,1563865846,16,16,40,104,2026-10-05T20:53:36.746,999,0.6179,reveal,direct,8,4,0,192,192,31,31,9,9,6,2,0.75,1.0,00112F2211000000/222F22F2F2110011/FF22221223F1001F/#F32F1002F310011/2#F322002F200011/1222F1001110112F/0002#20000002F42/1111#10000002F3F/2#11#10000001121/#21#110000000000/#223#10000001221/#####21000012FF1/####2F221101F321/####13F3F2232211/####14F412FF23F2/######F201222FF2,00112F2211000000/222F22F2F2110011/FF22221223F1001F/#F32F1002F310011/2#F322002F200011/1222F1001110112F/0002#20000002F42/1111#10000002F3F/2#11#10000001121/#21#110000000000/#223#10000001221/#####21000012FF1/####2F221101F321/####13F3F2232211/####14F412FF23F2/######F201222FF2,,playing
20261005_202111,1,1563865846,16,16,40,105,2026-10-05T20:53:37.694,999,0.9479,reveal,direct,9,3,0,193,193,31,31,9,9,7,1,0.875,1.4142,00112F2211000000/222F22F2F2110011/FF22221223F1001F/#F32F1002F310011/2#F322002F200011/1222F1001110112F/0002#20000002F42/1111#10000002F3F/2#11110000001121/#21#110000000000/#223#10000001221/#####21000012FF1/####2F221101F321/####13F3F2232211/####14F412FF23F2/######F201222FF2,00112F2211000000/222F22F2F2110011/FF22221223F1001F/#F32F1002F310011/2#F322002F200011/1222F1001110112F/0002#20000002F42/1111#10000002F3F/2#11110000001121/#21#110000000000/#223#10000001221/#####21000012FF1/####2F221101F321/####13F3F2232211/####14F412FF23F2/######F201222FF2,,playing
20261005_202111,1,1563865846,16,16,40,106,2026-10-05T20:53:39.216,999,1.5225,reveal,direct,11,0,0,194,194,31,31,9,9,1,4,0.2,3.6056,00112F2211000000/222F22F2F2110011/FF22221223F1001F/#F32F1002F310011/2#F322002F200011/1222F1001110112F/0002#20000002F42/1111#10000002F3F/2#11110000001121/#211110000000000/#223#10000001221/#####21000012FF1/####2F221101F321/####13F3F2232211/####14F412FF23F2/######F201222FF2,00112F2211000000/222F22F2F2110011/FF22221223F1001F/#F32F1002F310011/2#F322002F200011/1222F1001110112F/0002#20000002F42/1111#10000002F3F/2#11110000001121/#211110000000000/#223#10000001221/#####21000012FF1/####2F221101F321/####13F3F2232211/####14F412FF23F2/######F201222FF2,,playing
20261005_202111,1,1563865846,16,16,40,107,2026-10-05T20:53:40.666,999,1.4499,reveal,direct,12,2,0,209,209,31,31,9,9,3,5,0.375,2.2361,00112F2211000000/222F22F2F2110011/FF22221223F1001F/#F32F1002F310011/2#F322002F200011/1222F1001110112F/0002#20000002F42/1111#10000002F3F/2#11110000001121/#211110000000000/1223#10000001221/01###21000012FF1/02##2F221101F321/01##13F3F2232211/011214F412FF23F2/0001##F201222FF2,00112F2211000000/222F22F2F2110011/FF22221223F1001F/#F32F1002F310011/2#F322002F200011/1222F1001110112F/0002#20000002F42/1111#10000002F3F/2#11110000001121/#211110000000000/1223#10000001221/01###21000012FF1/02##2F221101F321/01##13F3F2232211/011214F412FF23F2/0001##F201222FF2,,playing
20261005_202111,1,1563865846,16,16,40,108,2026-10-05T20:53:41.717,999,1.0506,reveal,direct,11,2,0,210,210,31,31,9,9,6,2,0.75,1.0,00112F2211000000/222F22F2F2110011/FF22221223F1001F/#F32F1002F310011/2#F322002F200011/1222F1001110112F/0002#20000002F42/1111#10000002F3F/2#11110000001121/#211110000000000/1223#10000001221/01###21000012FF1/023#2F221101F321/01##13F3F2232211/011214F412FF23F2/0001##F201222FF2,00112F2211000000/222F22F2F2110011/FF22221223F1001F/#F32F1002F310011/2#F322002F200011/1222F1001110112F/0002#20000002F42/1111#10000002F3F/2#11110000001121/#211110000000000/1223#10000001221/01###21000012FF1/023#2F221101F321/01##13F3F2232211/011214F412FF23F2/0001##F201222FF2,,playing
20261005_202111,1,1563865846,16,16,40,109,2026-10-05T20:53:42.577,999,0.8606,reveal,direct,11,3,0,210,210,31,31,9,9,4,4,0.5,1.0,00112F2211000000/222F22F2F2110011/FF22221223F1001F/#F32F1002F310011/2#F322002F200011/1222F1001110112F/0002#20000002F42/1111#10000002F3F/2#11110000001121/#211110000000000/1223#10000001221/01###21000012FF1/023#2F221101F321/01##13F3F2232211/011214F412FF23F2/0001##F201222FF2,00112F2211000000/222F22F2F2110011/FF22221223F1001F/#F32F1002F310011/2#F322002F200011/1222F1001110112F/0002#20000002F42/1111#10000002F3F/2#11110000001121/#211110000000000/1223#10000001221/01###21000012FF1/023#2F221101F321/01##13F3F2232211/011214F412FF23F2/0001##F201222FF2,,playing
20261005_202111,1,1563865846,16,16,40,110,2026-10-05T20:53:43.253,999,0.6756,reveal,direct,12,3,0,210,210,31,31,9,9,3,5,0.375,1.0,00112F2211000000/222F22F2F2110011/FF22221223F1001F/#F32F1002F310011/2#F322002F200011/1222F1001110112F/0002#20000002F42/1111#10000002F3F/2#11110000001121/#211110000000000/1223#10000001221/01###21000012FF1/023#2F221101F321/01##13F3F2232211/011214F412FF23F2/0001##F201222FF2,00112F2211000000/222F22F2F2110011/FF22221223F1001F/#F32F1002F310011/2#F322002F200011/1222F1001110112F/0002#20000002F42/1111#10000002F3F/2#11110000001121/#211110000000000/1223#10000001221/01###21000012FF1/023#2F221101F321/01##13F3F2232211/011214F412FF23F2/0001##F201222FF2,,playing
20261005_202111,1,1563865846,16,16,40,111,2026-10-05T20:53:43.942,999,0.689,reveal,direct,13,3,0,211,211,31,31,9,9,7,1,0.875,1.0,00112F2211000000/222F22F2F2110011/FF22221223F1001F/#F32F1002F310011/2#F322002F200011/1222F1001110112F/0002#20000002F42/1111#10000002F3F/2#11110000001121/#211110000000000/1223#10000001221/01###21000012FF1/02332F221101F321/01##13F3F2232211/011214F412FF23F2/0001##F201222FF2,00112F2211000000/222F22F2F2110011/FF22221223F1001F/#F32F1002F310011/2#F322002F200011/1222F1001110112F/0002#20000002F42/1111#10000002F3F/2#11110000001121/#211110000000000/1223#10000001221/01###21000012FF1/02332F221101F321/01##13F3F2232211/011214F412FF23F2/0001##F201222FF2,,playing
20261005_202111,1,1563865846,16,16,40,112,2026-10-05T20:53:44.553,999,0.6108,reveal,direct,13,2,0,212,212,31,31,9,9,8,0,1.0,1.0,00112F2211000000/222F22F2F2110011/FF22221223F1001F/#F32F1002F310011/2#F322002F200011/1222F1001110112F/0002#20000002F42/1111#10000002F3F/2#11110000001121/#211110000000000/1223#10000001221/01###21000012FF1/02332F221101F321/01#113F3F2232211/011214F412FF23F2/0001##F201222FF2,00112F2211000000/222F22F2F2110011/FF22221223F1001F/#F32F1002F310011/2#F322002F200011/1222F1001110112F/0002#20000002F42/1111#10000002F3F/2#11110000001121/#211110000000000/1223#10000001221/01###21000012FF1/02332F221101F321/01#113F3F2232211/011214F412FF23F2/0001##F201222FF2,,playing
20261005_202111,1,1563865846,16,16,40,113,2026-10-05T20:53:45.492,999,0.9395,reveal,direct,11,4,0,212,212,31,31,9,9,5,2,0.625,2.8284,00112F2211000000/222F22F2F2110011/FF22221223F1001F/#F32F1002F310011/2#F322002F200011/1222F1001110112F/0002#20000002F42/1111#10000002F3F/2#11110000001121/#211110000000000/1223#10000001221/01###21000012FF1/02332F221101F321/01#113F3F2232211/011214F412FF23F2/0001##F201222FF2,00112F2211000000/222F22F2F2110011/FF22221223F1001F/#F32F1002F310011/2#F322002F200011/1222F1001110112F/0002#20000002F42/1111#10000002F3F/2#11110000001121/#211110000000000/1223#10000001221/01###21000012FF1/02332F221101F321/01#113F3F2232211/011214F412FF23F2/0001##F201222FF2,,playing
20261005_202111,1,1563865846,16,16,40,114,2026-10-05T20:53:46.348,999,0.8556,reveal,direct,11,3,0,213,213,31,31,9,9,6,2,0.75,1.0,00112F2211000000/222F22F2F2110011/FF22221223F1001F/#F32F1002F310011/2#F322002F200011/1222F1001110112F/0002#20000002F42/1111#10000002F3F/2#11110000001121/#211110000000000/1223#10000001221/01##321000012FF1/02332F221101F321/01#113F3F2232211/011214F412FF23F2/0001##F201222FF2,00112F2211000000/222F22F2F2110011/FF22221223F1001F/#F32F1002F310011/2#F322002F200011/1222F1001110112F/0002#20000002F42/1111#10000002F3F/2#11110000001121/#211110000000000/1223#10000001221/01##321000012FF1/02332F221101F321/01#113F3F2232211/011214F412FF23F2/0001##F201222FF2,,playing
20261005_202111,1,1563865846,16,16,40,115,2026-10-05T20:53:47.181,999,0.8334,reveal,direct,10,4,0,213,213,31,31,9,9,7,1,0.875,1.4142,00112F2211000000/222F22F2F2110011/FF22221223F1001F/#F32F1002F310011/2#F322002F200011/1222F1001110112F/0002#20000002F42/1111#10000002F3F/2#11110000001121/#211110000000000/1223#10000001221/01##321000012FF1/02332F221101F321/01#113F3F2232211/011214F412FF23F2/0001##F201222FF2,00112F2211000000/222F22F2F2110011/FF22221223F1001F/#F32F1002F310011/2#F322002F200011/1222F1001110112F/0002#20000002F42/1111#10000002F3F/2#11110000001121/#211110000000000/1223#10000001221/01##321000012FF1/02332F221101F321/01#113F3F2232211/011214F412FF23F2/0001##F201222FF2,,playing
20261005_202111,1,1563865846,16,16,40,116,2026-10-05T20:53:48.151,999,0.9698,reveal,direct,11,2,0,213,213,31,31,9,9,7,1,0.875,2.2361,00112F2211000000/222F22F2F2110011/FF22221223F1001F/#F32F1002F310011/2#F322002F200011/1222F1001110112F/0002#20000002F42/1111#10000002F3F/2#11110000001121/#211110000000000/1223#10000001221/01##321000012FF1/02332F221101F321/01#113F3F2232211/011214F412FF23F2/0001##F201222FF2,00112F2211000000/222F22F2F2110011/FF22221223F1001F/#F32F1002F310011/2#F322002F200011/1222F1001110112F/0002#20000002F42/1111#10000002F3F/2#11110000001121/#211110000000000/1223#10000001221/01##321000012FF1/02332F221101F321/01#113F3F2232211/011214F412FF23F2/0001##F201222FF2,,playing
20261005_202111,1,1563865846,16,16,40,117,2026-10-05T20:53:51.578,999,3.4267,reveal,direct,7,4,0,213,213,31,31,9,9,7,1,0.875,4.4721,00112F2211000000/222F22F2F2110011/FF22221223F1001F/#F32F1002F310011/2#F322002F200011/1222F1001110112F/0002#20000002F42/1111#10000002F3F/2#11110000001121/#211110000000000/1223#10000001221/01##321000012FF1/02332F221101F321/01#113F3F2232211/011214F412FF23F2/0001##F201222FF2,00112F2211000000/222F22F2F2110011/FF22221223F1001F/#F32F1002F310011/2#F322002F200011/1222F1001110112F/0002#20000002F42/1111#10000002F3F/2#11110000001121/#211110000000000/1223#10000001221/01##321000012FF1/02332F221101F321/01#113F3F2232211/011214F412FF23F2/0001##F201222FF2,,playing
20261005_202111,1,1563865846,16,16,40,118,2026-10-05T20:53:52.260,999,0.6819,reveal,direct,6,4,0,213,213,31,31,9,9,6,1,0.75,1.0,00112F2211000000/222F22F2F2110011/FF22221223F1001F/#F32F1002F310011/2#F322002F200011/1222F1001110112F/0002#20000002F42/1111#10000002F3F/2#11110000001121/#211110000000000/1223#10000001221/01##321000012FF1/02332F221101F321/01#113F3F2232211/011214F412FF23F2/0001##F201222FF2,00112F2211000000/222F22F2F2110011/FF22221223F1001F/#F32F1002F310011/2#F322002F200011/1222F1001110112F/0002#20000002F42/1111#10000002F3F/2#11110000001121/#211110000000000/1223#10000001221/01##321000012FF1/02332F221101F321/01#113F3F2232211/011214F412FF23F2/0001##F201222FF2,,playing
20261005_202111,1,1563865846,16,16,40,119,2026-10-05T20:53:53.164,999,0.9047,reveal,direct,9,0,0,214,214,31,31,9,9,4,1,0.8,5.0,00112F2211000000/222F22F2F2110011/FF22221223F1001F/#F32F1002F310011/2#F322002F200011/1222F1001110112F/0002220000002F42/1111#10000002F3F/2#11110000001121/#211110000000000/1223#10000001221/01##321000012FF1/02332F221101F321/01#113F3F2232211/011214F412FF23F2/0001##F201222FF2,00112F2211000000/222F22F2F2110011/FF22221223F1001F/#F32F1002F310011/2#F322002F200011/1222F1001110112F/0002220000002F42/1111#10000002F3F/2#11110000001121/#211110000000000/1223#10000001221/01##321000012FF1/02332F221101F321/01#113F3F2232211/011214F412FF23F2/0001##F201222FF2,,playing
20261005_202111,1,1563865846,16,16,40,120,2026-10-05T20:53:53.775,999,0.6108,reveal,direct,8,1,0,214,214,31,31,9,9,7,1,0.875,1.4142,00112F2211000000/222F22F2F2110011/FF22221223F1001F/#F32F1002F310011/2#F322002F200011/1222F1001110112F/0002220000002F42/1111#10000002F3F/2#11110000001121/#211110000000000/1223#10000001221/01##321000012FF1/02332F221101F321/01#113F3F2232211/011214F412FF23F2/0001##F201222FF2,00112F2211000000/222F22F2F2110011/FF22221223F1001F/#F32F1002F310011/2#F322002F200011/1222F1001110112F/0002220000002F42/1111#10000002F3F/2#11110000001121/#211110000000000/1223#10000001221/01##321000012FF1/02332F221101F321/01#113F3F2232211/011214F412FF23F2/0001##F201222FF2,,playing
20261005_202111,1,1563865846,16,16,40,121,2026-10-05T20:53:56.785,999,3.0092,reveal,direct,15,4,0,214,214,31,31,9,9,4,1,0.8,7.6158,00112F2211000000/222F22F2F2110011/FF22221223F1001F/#F32F1002F310011/2#F322002F200011/1222F1001110112F/0002220000002F42/1111#10000002F3F/2#11110000001121/#211110000000000/1223#10000001221/01##321000012FF1/02332F221101F321/01#113F3F2232211/011214F412FF23F2/0001##F201222FF2,00112F2211000000/222F22F2F2110011/FF22221223F1001F/#F32F1002F310011/2#F322002F200011/1222F1001110112F/0002220000002F42/1111#10000002F3F/2#11110000001121/#211110000000000/1223#10000001221/01##321000012FF1/02332F221101F321/01#113F3F2232211/011214F412FF23F2/0001##F201222FF2,,playing
20261005_202111,1,1563865846,16,16,40,122,2026-10-05T20:53:57.387,999,0.603,reveal,direct,15,4,0,214,214,31,31,9,9,4,1,0.8,0.0,00112F2211000000/222F22F2F2110011/FF22221223F1001F/#F32F1002F310011/2#F322002F200011/1222F1001110112F/0002220000002F42/1111#10000002F3F/2#11110000001121/#211110000000000/1223#10000001221/01##321000012FF1/02332F221101F321/01#113F3F2232211/011214F412FF23F2/0001##F201222FF2,00112F2211000000/222F22F2F2110011/FF22221223F1001F/#F32F1002F310011/2#F322002F200011/1222F1001110112F/0002220000002F42/1111#10000002F3F/2#11110000001121/#211110000000000/1223#10000001221/01##321000012FF1/02332F221101F321/01#113F3F2232211/011214F412FF23F2/0001##F201222FF2,,playing
20261005_202111,1,1563865846,16,16,40,123,2026-10-05T20:53:57.962,999,0.5749,reveal,direct,15,5,0,214,214,31,31,9,9,2,1,0.4,1.0,00112F2211000000/222F22F2F2110011/FF22221223F1001F/#F32F1002F310011/2#F322002F200011/1222F1001110112F/0002220000002F42/1111#10000002F3F/2#11110000001121/#211110000000000/1223#10000001221/01##321000012FF1/02332F221101F321/01#113F3F2232211/011214F412FF23F2/0001##F201222FF2,00112F2211000000/222F22F2F2110011/FF22221223F1001F/#F32F1002F310011/2#F322002F200011/1222F1001110112F/0002220000002F42/1111#10000002F3F/2#11110000001121/#211110000000000/1223#10000001221/01##321000012FF1/02332F221101F321/01#113F3F2232211/011214F412FF23F2/0001##F201222FF2,,playing
20261005_202111,1,1563865846,16,16,40,124,2026-10-05T20:54:07.454,999,9.4914,reveal,direct,11,2,0,215,215,31,31,9,9,7,1,0.875,5.0,00112F2211000000/222F22F2F2110011/FF22221223F1001F/#F32F1002F310011/2#F322002F200011/1222F1001110112F/0002220000002F42/1111#10000002F3F/2#11110000001121/#211110000000000/1223#10000001221/01##321000012FF1/02332F221101F321/01#113F3F2232211/011214F412FF23F2/0001#3F201222FF2,00112F2211000000/222F22F2F2110011/FF22221223F1001F/#F32F1002F310011/2#F322002F200011/1222F1001110112F/0002220000002F42/1111#10000002F3F/2#11110000001121/#211110000000000/1223#10000001221/01##321000012FF1/02332F221101F321/01#113F3F2232211/011214F412FF23F2/0001#3F201222FF2,,playing
20261005_202111,1,1563865846,16,16,40,125,2026-10-05T20:54:08.034,999,0.5799,reveal,direct,11,3,0,215,215,31,31,9,9,6,2,0.75,1.0,00112F2211000000/222F22F2F2110011/FF22221223F1001F/#F32F1002F310011/2#F322002F200011/1222F1001110112F/0002220000002F42/1111#10000002F3F/2#11110000001121/#211110000000000/1223#10000001221/01##321000012FF1/02332F221101F321/01#113F3F2232211/011214F412FF23F2/0001#3F201222FF2,00112F2211000000/222F22F2F2110011/FF22221223F1001F/#F32F1002F310011/2#F322002F200011/1222F1001110112F/0002220000002F42/1111#10000002F3F/2#11110000001121/#211110000000000/1223#10000001221/01##321000012FF1/02332F221101F321/01#113F3F2232211/011214F412FF23F2/0001#3F201222FF2,,playing
20261005_202111,1,1563865846,16,16,40,126,2026-10-05T20:54:08.665,999,0.6318,reveal,direct,13,2,0,215,215,31,31,9,9,8,0,1.0,2.2361,00112F2211000000/222F22F2F2110011/FF22221223F1001F/#F32F1002F310011/2#F322002F200011/1222F1001110112F/0002220000002F42/1111#10000002F3F/2#11110000001121/#211110000000000/1223#10000001221/01##321000012FF1/02332F221101F321/01#113F3F2232211/011214F412FF23F2/0001#3F201222FF2,00112F2211000000/222F22F2F2110011/FF22221223F1001F/#F32F1002F310011/2#F322002F200011/1222F1001110112F/0002220000002F42/1111#10000002F3F/2#11110000001121/#211110000000000/1223#10000001221/01##321000012FF1/02332F221101F321/01#113F3F2232211/011214F412FF23F2/0001#3F201222FF2,,playing
20261005_202111,1,1563865846,16,16,40,127,2026-10-05T20:54:10.267,999,1.6012,reveal,direct,9,0,0,215,215,31,31,9,9,4,1,0.8,4.4721,00112F2211000000/222F22F2F2110011/FF22221223F1001F/#F32F1002F310011/2#F322002F200011/1222F1001110112F/0002220000002F42/1111#10000002F3F/2#11110000001121/#211110000000000/1223#10000001221/01##321000012FF1/02332F221101F321/01#113F3F2232211/011214F412FF23F2/0001#3F201222FF2,00112F2211000000/222F22F2F2110011/FF22221223F1001F/#F32F1002F310011/2#F322002F200011/1222F1001110112F/0002220000002F42/1111#10000002F3F/2#11110000001121/#211110000000000/1223#10000001221/01##321000012FF1/02332F221101F321/01#113F3F2232211/011214F412FF23F2/0001#3F201222FF2,,playing
20261005_202111,1,1563865846,16,16,40,128,2026-10-05T20:54:10.878,999,0.6113,reveal,direct,8,1,0,215,215,31,31,9,9,7,1,0.875,1.4142,00112F2211000000/222F22F2F2110011/FF22221223F1001F/#F32F1002F310011/2#F322002F200011/1222F1001110112F/0002220000002F42/1111#10000002F3F/2#11110000001121/#211110000000000/1223#10000001221/01##321000012FF1/02332F221101F321/01#113F3F2232211/011214F412FF23F2/0001#3F201222FF2,00112F2211000000/222F22F2F2110011/FF22221223F1001F/#F32F1002F310011/2#F322002F200011/1222F1001110112F/0002220000002F42/1111#10000002F3F/2#11110000001121/#211110000000000/1223#10000001221/01##321000012FF1/02332F221101F321/01#113F3F2232211/011214F412FF23F2/0001#3F201222FF2,,playing
20261005_202111,1,1563865846,16,16,40,129,2026-10-05T20:54:11.654,999,0.7758,reveal,direct,7,4,0,215,215,31,31,9,9,8,0,1.0,3.1623,00112F2211000000/222F22F2F2110011/FF22221223F1001F/#F32F1002F310011/2#F322002F200011/1222F1001110112F/0002220000002F42/1111#10000002F3F/2#11110000001121/#211110000000000/1223#10000001221/01##321000012FF1/02332F221101F321/01#113F3F2232211/011214F412FF23F2/0001#3F201222FF2,00112F2211000000/222F22F2F2110011/FF22221223F1001F/#F32F1002F310011/2#F322002F200011/1222F1001110112F/0002220000002F42/1111#10000002F3F/2#11110000001121/#211110000000000/1223#10000001221/01##321000012FF1/02332F221101F321/01#113F3F2232211/011214F412FF23F2/0001#3F201222FF2,,playing
20261005_202111,1,1563865846,16,16,40,130,2026-10-05T20:54:12.600,999,0.9463,reveal,direct,4,1,0,215,215,31,31,9,9,5,1,0.625,4.2426,00112F2211000000/222F22F2F2110011/FF22221223F1001F/#F32F1002F310011/2#F322002F200011/1222F1001110112F/0002220000002F42/1111#10000002F3F/2#11110000001121/#211110000000000/1223#10000001221/01##321000012FF1/02332F221101F321/01#113F3F2232211/011214F412FF23F2/0001#3F201222FF2,00112F2211000000/222F22F2F2110011/FF22221223F1001F/#F32F1002F310011/2#F322002F200011/1222F1001110112F/0002220000002F42/1111#10000002F3F/2#11110000001121/#211110000000000/1223#10000001221/01##321000012FF1/02332F221101F321/01#113F3F2232211/011214F412FF23F2/0001#3F201222FF2,,playing
20261005_202111,1,1563865846,16,16,40,131,2026-10-05T20:54:13.118,999,0.5179,reveal,direct,3,0,0,215,215,31,31,9,9,1,1,0.2,1.4142,00112F2211000000/222F22F2F2110011/FF22221223F1001F/#F32F1002F310011/2#F322002F200011/1222F1001110112F/0002220000002F42/1111#10000002F3F/2#11110000001121/#211110000000000/1223#10000001221/01##321000012FF1/02332F221101F321/01#113F3F2232211/011214F412FF23F2/0001#3F201222FF2,00112F2211000000/222F22F2F2110011/FF22221223F1001F/#F32F1002F310011/2#F322002F200011/1222F1001110112F/0002220000002F42/1111#10000002F3F/2#11110000001121/#211110000000000/1223#10000001221/01##321000012FF1/02332F221101F321/01#113F3F2232211/011214F412FF23F2/0001#3F201222FF2,,playing
20261005_202111,1,1563865846,16,16,40,132,2026-10-05T20:54:16.422,999,3.3042,reveal,direct,15,4,0,215,215,31,31,9,9,5,0,1.0,12.6491,00112F2211000000/222F22F2F2110011/FF22221223F1001F/#F32F1002F310011/2#F322002F200011/1222F1001110112F/0002220000002F42/1111#10000002F3F/2#11110000001121/#211110000000000/1223#10000001221/01##321000012FF1/02332F221101F321/01#113F3F2232211/011214F412FF23F2/0001#3F201222FF2,00112F2211000000/222F22F2F2110011/FF22221223F1001F/#F32F1002F310011/2#F322002F200011/1222F1001110112F/0002220000002F42/1111#10000002F3F/2#11110000001121/#211110000000000/1223#10000001221/01##321000012FF1/02332F221101F321/01#113F3F2232211/011214F412FF23F2/0001#3F201222FF2,,playing
20261005_202111,1,1563865846,16,16,40,133,2026-10-05T20:54:18.880,999,2.4582,flag,direct,13,2,0,215,215,31,32,9,8,8,0,1.0,2.8284,00112F2211000000/222F22F2F2110011/FF22221223F1001F/#F32F1002F310011/2#F322002F200011/1222F1001110112F/0002220000002F42/1111#10000002F3F/2#11110000001121/#211110000000000/1223#10000001221/01##321000012FF1/02332F221101F321/01#113F3F2232211/011214F412FF23F2/0001#3F201222FF2,00112F2211000000/222F22F2F2110011/FF22221223F1001F/#F32F1002F310011/2#F322002F200011/1222F1001110112F/0002220000002F42/1111#10000002F3F/2#11110000001121/#211110000000000/1223#10000001221/01##321000012FF1/02332F221101F321/01F113F3F2232211/011214F412FF23F2/0001#3F201222FF2,,playing
20261005_202111,1,1563865846,16,16,40,134,2026-10-05T20:54:19.718,999,0.8382,flag,direct,15,4,0,215,215,32,33,8,7,5,0,1.0,2.8284,00112F2211000000/222F22F2F2110011/FF22221223F1001F/#F32F1002F310011/2#F322002F200011/1222F1001110112F/0002220000002F42/1111#10000002F3F/2#11110000001121/#211110000000000/1223#10000001221/01##321000012FF1/02332F221101F321/01F113F3F2232211/011214F412FF23F2/0001#3F201222FF2,00112F2211000000/222F22F2F2110011/FF22221223F1001F/#F32F1002F310011/2#F322002F200011/1222F1001110112F/0002220000002F42/1111#10000002F3F/2#11110000001121/#211110000000000/1223#10000001221/01##321000012FF1/02332F221101F321/01F113F3F2232211/011214F412FF23F2/0001F3F201222FF2,,playing
20261005_202111,1,1563865846,16,16,40,135,2026-10-05T20:54:21.363,999,1.6443,reveal,direct,11,2,0,215,215,33,33,7,7,7,1,0.875,4.4721,00112F2211000000/222F22F2F2110011/FF22221223F1001F/#F32F1002F310011/2#F322002F200011/1222F1001110112F/0002220000002F42/1111#10000002F3F/2#11110000001121/#211110000000000/1223#10000001221/01##321000012FF1/02332F221101F321/01F113F3F2232211/011214F412FF23F2/0001F3F201222FF2,00112F2211000000/222F22F2F2110011/FF22221223F1001F/#F32F1002F310011/2#F322002F200011/1222F1001110112F/0002220000002F42/1111#10000002F3F/2#11110000001121/#211110000000000/1223#10000001221/01##321000012FF1/02332F221101F321/01F113F3F2232211/011214F412FF23F2/0001F3F201222FF2,,playing
20261005_202111,1,1563865846,16,16,40,136,2026-10-05T20:54:22.052,999,0.6895,reveal,direct,11,3,0,215,215,33,33,7,7,6,2,0.75,1.0,00112F2211000000/222F22F2F2110011/FF22221223F1001F/#F32F1002F310011/2#F322002F200011/1222F1001110112F/0002220000002F42/1111#10000002F3F/2#11110000001121/#211110000000000/1223#10000001221/01##321000012FF1/02332F221101F321/01F113F3F2232211/011214F412FF23F2/0001F3F201222FF2,00112F2211000000/222F22F2F2110011/FF22221223F1001F/#F32F1002F310011/2#F322002F200011/1222F1001110112F/0002220000002F42/1111#10000002F3F/2#11110000001121/#211110000000000/1223#10000001221/01##321000012FF1/02332F221101F321/01F113F3F2232211/011214F412FF23F2/0001F3F201222FF2,,playing
20261005_202111,1,1563865846,16,16,40,137,2026-10-05T20:54:23.347,999,1.2945,flag,direct,11,3,0,215,215,33,34,7,6,6,2,0.75,0.0,00112F2211000000/222F22F2F2110011/FF22221223F1001F/#F32F1002F310011/2#F322002F200011/1222F1001110112F/0002220000002F42/1111#10000002F3F/2#11110000001121/#211110000000000/1223#10000001221/01##321000012FF1/02332F221101F321/01F113F3F2232211/011214F412FF23F2/0001F3F201222FF2,00112F2211000000/222F22F2F2110011/FF22221223F1001F/#F32F1002F310011/2#F322002F200011/1222F1001110112F/0002220000002F42/1111#10000002F3F/2#11110000001121/#211110000000000/1223#10000001221/01#F321000012FF1/02332F221101F321/01F113F3F2232211/011214F412FF23F2/0001F3F201222FF2,,playing
20261005_202111,1,1563865846,16,16,40,138,2026-10-05T20:54:25.767,999,2.4199,flag,direct,7,4,0,215,215,34,35,6,5,8,0,1.0,4.1231,00112F2211000000/222F22F2F2110011/FF22221223F1001F/#F32F1002F310011/2#F322002F200011/1222F1001110112F/0002220000002F42/1111#10000002F3F/2#11110000001121/#211110000000000/1223#10000001221/01#F321000012FF1/02332F221101F321/01F113F3F2232211/011214F412FF23F2/0001F3F201222FF2,00112F2211000000/222F22F2F2110011/FF22221223F1001F/#F32F1002F310011/2#F322002F200011/1222F1001110112F/0002220000002F42/1111F10000002F3F/2#11110000001121/#211110000000000/1223#10000001221/01#F321000012FF1/02332F221101F321/01F113F3F2232211/011214F412FF23F2/0001F3F201222FF2,,playing
20261005_202111,1,1563865846,16,16,40,139,2026-10-05T20:54:26.722,999,0.954,reveal,direct,8,1,0,215,215,35,35,5,5,7,1,0.875,3.1623,00112F2211000000/222F22F2F2110011/FF22221223F1001F/#F32F1002F310011/2#F322002F200011/1222F1001110112F/0002220000002F42/1111F10000002F3F/2#11110000001121/#211110000000000/1223#10000001221/01#F321000012FF1/02332F221101F321/01F113F3F2232211/011214F412FF23F2/0001F3F201222FF2,00112F2211000000/222F22F2F2110011/FF22221223F1001F/#F32F1002F310011/2#F322002F200011/1222F1001110112F/0002220000002F42/1111F10000002F3F/2#11110000001121/#211110000000000/1223#10000001221/01#F321000012FF1/02332F221101F321/01F113F3F2232211/011214F412FF23F2/0001F3F201222FF2,,playing
20261005_202111,1,1563865846,16,16,40,140,2026-10-05T20:54:27.160,999,0.4391,flag,direct,8,1,0,215,215,35,36,5,4,7,1,0.875,0.0,00112F2211000000/222F22F2F2110011/FF22221223F1001F/#F32F1002F310011/2#F322002F200011/1222F1001110112F/0002220000002F42/1111F10000002F3F/2#11110000001121/#211110000000000/1223#10000001221/01#F321000012FF1/02332F221101F321/01F113F3F2232211/011214F412FF23F2/0001F3F201222FF2,00112F2211000000/222F22F2F2110011/FF22221223F1001F/#F32F1002F310011/2#F322002F200011/1222F1001110112F/0002220000002F42/1111F10000002F3F/2F11110000001121/#211110000000000/1223#10000001221/01#F321000012FF1/02332F221101F321/01F113F3F2232211/011214F412FF23F2/0001F3F201222FF2,,playing
20261005_202111,1,1563865846,16,16,40,141,2026-10-05T20:54:27.800,999,0.6398,flag,direct,9,0,0,215,215,36,37,4,3,4,0,0.8,1.4142,00112F2211000000/222F22F2F2110011/FF22221223F1001F/#F32F1002F310011/2#F322002F200011/1222F1001110112F/0002220000002F42/1111F10000002F3F/2F11110000001121/#211110000000000/1223#10000001221/01#F321000012FF1/02332F221101F321/01F113F3F2232211/011214F412FF23F2/0001F3F201222FF2,00112F2211000000/222F22F2F2110011/FF22221223F1001F/#F32F1002F310011/2#F322002F200011/1222F1001110112F/0002220000002F42/1111F10000002F3F/2F11110000001121/F211110000000000/1223#10000001221/01#F321000012FF1/02332F221101F321/01F113F3F2232211/011214F412FF23F2/0001F3F201222FF2,,playing
20261005_202111,1,1563865846,16,16,40,142,2026-10-05T20:54:33.532,999,5.7321,flag,direct,11,2,0,215,215,37,38,3,2,7,0,0.875,2.8284,00112F2211000000/222F22F2F2110011/FF22221223F1001F/#F32F1002F310011/2#F322002F200011/1222F1001110112F/0002220000002F42/1111F10000002F3F/2F11110000001121/F211110000000000/1223#10000001221/01#F321000012FF1/02332F221101F321/01F113F3F2232211/011214F412FF23F2/0001F3F201222FF2,00112F2211000000/222F22F2F2110011/FF22221223F1001F/#F32F1002F310011/2#F322002F200011/1222F1001110112F/0002220000002F42/1111F10000002F3F/2F11110000001121/F211110000000000/1223#10000001221/01FF321000012FF1/02332F221101F321/01F113F3F2232211/011214F412FF23F2/0001F3F201222FF2,,playing
20261005_202111,1,1563865846,16,16,40,143,2026-10-05T20:54:34.895,999,1.3634,flag,direct,10,4,0,215,215,38,39,2,1,7,0,0.875,2.2361,00112F2211000000/222F22F2F2110011/FF22221223F1001F/#F32F1002F310011/2#F322002F200011/1222F1001110112F/0002220000002F42/1111F10000002F3F/2F11110000001121/F211110000000000/1223#10000001221/01FF321000012FF1/02332F221101F321/01F113F3F2232211/011214F412FF23F2/0001F3F201222FF2,00112F2211000000/222F22F2F2110011/FF22221223F1001F/#F32F1002F310011/2#F322002F200011/1222F1001110112F/0002220000002F42/1111F10000002F3F/2F11110000001121/F211110000000000/1223F10000001221/01FF321000012FF1/02332F221101F321/01F113F3F2232211/011214F412FF23F2/0001F3F201222FF2,,playing
20261005_202111,1,1563865846,16,16,40,144,2026-10-05T20:54:39.507,999,4.6119,reveal,direct,4,1,0,215,215,39,39,1,1,5,1,0.625,6.7082,00112F2211000000/222F22F2F2110011/FF22221223F1001F/#F32F1002F310011/2#F322002F200011/1222F1001110112F/0002220000002F42/1111F10000002F3F/2F11110000001121/F211110000000000/1223F10000001221/01FF321000012FF1/02332F221101F321/01F113F3F2232211/011214F412FF23F2/0001F3F201222FF2,00112F2211000000/222F22F2F2110011/FF22221223F1001F/#F32F1002F310011/2#F322002F200011/1222F1001110112F/0002220000002F42/1111F10000002F3F/2F11110000001121/F211110000000000/1223F10000001221/01FF321000012FF1/02332F221101F321/01F113F3F2232211/011214F412FF23F2/0001F3F201222FF2,,playing
20261005_202111,1,1563865846,16,16,40,145,2026-10-05T20:54:42.890,999,3.3828,reveal,direct,3,0,0,215,215,39,39,1,1,1,1,0.2,1.4142,00112F2211000000/222F22F2F2110011/FF22221223F1001F/#F32F1002F310011/2#F322002F200011/1222F1001110112F/0002220000002F42/1111F10000002F3F/2F11110000001121/F211110000000000/1223F10000001221/01FF321000012FF1/02332F221101F321/01F113F3F2232211/011214F412FF23F2/0001F3F201222FF2,00112F2211000000/222F22F2F2110011/FF22221223F1001F/#F32F1002F310011/2#F322002F200011/1222F1001110112F/0002220000002F42/1111F10000002F3F/2F11110000001121/F211110000000000/1223F10000001221/01FF321000012FF1/02332F221101F321/01F113F3F2232211/011214F412FF23F2/0001F3F201222FF2,,playing
20261005_202111,1,1563865846,16,16,40,146,2026-10-05T20:54:45.899,999,3.0094,flag,direct,3,0,0,215,215,39,40,1,0,1,1,0.2,0.0,00112F2211000000/222F22F2F2110011/FF22221223F1001F/#F32F1002F310011/2#F322002F200011/1222F1001110112F/0002220000002F42/1111F10000002F3F/2F11110000001121/F211110000000000/1223F10000001221/01FF321000012FF1/02332F221101F321/01F113F3F2232211/011214F412FF23F2/0001F3F201222FF2,00112F2211000000/222F22F2F2110011/FF22221223F1001F/FF32F1002F310011/2#F322002F200011/1222F1001110112F/0002220000002F42/1111F10000002F3F/2F11110000001121/F211110000000000/1223F10000001221/01FF321000012FF1/02332F221101F321/01F113F3F2232211/011214F412FF23F2/0001F3F201222FF2,,playing
20261005_202111,1,1563865846,16,16,40,147,2026-10-05T20:54:47.881,999,1.9816,unflag,direct,3,0,0,215,215,40,39,0,1,1,1,0.2,0.0,00112F2211000000/222F22F2F2110011/FF22221223F1001F/FF32F1002F310011/2#F322002F200011/1222F1001110112F/0002220000002F42/1111F10000002F3F/2F11110000001121/F211110000000000/1223F10000001221/01FF321000012FF1/02332F221101F321/01F113F3F2232211/011214F412FF23F2/0001F3F201222FF2,00112F2211000000/222F22F2F2110011/FF22221223F1001F/#F32F1002F310011/2#F322002F200011/1222F1001110112F/0002220000002F42/1111F10000002F3F/2F11110000001121/F211110000000000/1223F10000001221/01FF321000012FF1/02332F221101F321/01F113F3F2232211/011214F412FF23F2/0001F3F201222FF2,,playing
20261005_202111,1,1563865846,16,16,40,148,2026-10-05T20:54:48.528,999,0.6467,flag,direct,4,1,0,215,215,39,40,1,0,5,1,0.625,1.4142,00112F2211000000/222F22F2F2110011/FF22221223F1001F/#F32F1002F310011/2#F322002F200011/1222F1001110112F/0002220000002F42/1111F10000002F3F/2F11110000001121/F211110000000000/1223F10000001221/01FF321000012FF1/02332F221101F321/01F113F3F2232211/011214F412FF23F2/0001F3F201222FF2,00112F2211000000/222F22F2F2110011/FF22221223F1001F/#F32F1002F310011/2FF322002F200011/1222F1001110112F/0002220000002F42/1111F10000002F3F/2F11110000001121/F211110000000000/1223F10000001221/01FF321000012FF1/02332F221101F321/01F113F3F2232211/011214F412FF23F2/0001F3F201222FF2,,playing
